,danceability,energy,speechiness,acousticness,liveness,valence,date
i,0.577,0.397,0.028,0.84,0.0772,0.509,2021-6-16-3:13
i,0.577,0.397,0.028,0.84,0.0772,0.509,2021-6-16-4:39
i,0.577,0.397,0.028,0.84,0.0772,0.509,2021-6-16-4:50
i,0.577,0.397,0.028,0.84,0.0772,0.509,2021-6-16-4:53
i,0.682,0.934,0.0741,0.0619,0.106,0.0708,2021-6-16-4:54
i,0.682,0.934,0.0741,0.0619,0.106,0.0708,2021-6-16-5:14
i,0.682,0.934,0.0741,0.0619,0.106,0.0708,2021-6-16-6:12
i,0.682,0.934,0.0741,0.0619,0.106,0.0708,2021-6-16-7:14
i,0.682,0.934,0.0741,0.0619,0.106,0.0708,2021-6-16-8:11
i,0.682,0.934,0.0741,0.0619,0.106,0.0708,2021-6-16-9:10
i,0.682,0.934,0.0741,0.0619,0.106,0.0708,2021-6-16-10:11
i,0.682,0.934,0.0741,0.0619,0.106,0.0708,2021-6-16-11:9
i,0.682,0.934,0.0741,0.0619,0.106,0.0708,2021-6-16-12:15
i,0.682,0.934,0.0741,0.0619,0.106,0.0708,2021-6-16-13:23
i,0.682,0.934,0.0741,0.0619,0.106,0.0708,2021-6-16-14:10
i,0.682,0.934,0.0741,0.0619,0.106,0.0708,2021-6-16-15:11
i,0.682,0.934,0.0741,0.0619,0.106,0.0708,2021-6-16-16:19
i,0.745,0.72,0.0417,0.523,0.0807,0.188,2021-6-16-17:28
i,0.745,0.72,0.0417,0.523,0.0807,0.188,2021-6-16-18:13
i,0.745,0.72,0.0417,0.523,0.0807,0.188,2021-6-16-19:11
i,0.745,0.72,0.0417,0.523,0.0807,0.188,2021-6-16-20:10
i,0.745,0.72,0.0417,0.523,0.0807,0.188,2021-6-16-21:9
i,0.435,0.837,0.449,0.00676,0.117,0.778,2021-6-16-22:10
i,0.744,0.828,0.0908,0.0276,0.113,0.296,2021-6-16-23:10
i,0.744,0.828,0.0908,0.0276,0.113,0.296,2021-6-17-0:31
i,0.697,0.781,0.0503,0.0878,0.102,0.516,2021-6-17-1:56
i,0.71,0.793,0.0694,0.0419,0.338,0.604,2021-6-17-2:31
i,0.73,0.792,0.13,0.0264,0.101,0.745,2021-6-17-3:12
i,0.73,0.792,0.13,0.0264,0.101,0.745,2021-6-17-4:13
i,0.73,0.792,0.13,0.0264,0.101,0.745,2021-6-17-5:14
i,0.73,0.792,0.13,0.0264,0.101,0.745,2021-6-17-6:12
i,0.73,0.792,0.13,0.0264,0.101,0.745,2021-6-17-7:14
i,0.73,0.792,0.13,0.0264,0.101,0.745,2021-6-17-8:11
i,0.73,0.792,0.13,0.0264,0.101,0.745,2021-6-17-9:11
i,0.73,0.792,0.13,0.0264,0.101,0.745,2021-6-17-10:11
i,0.73,0.792,0.13,0.0264,0.101,0.745,2021-6-17-11:8
i,0.73,0.792,0.13,0.0264,0.101,0.745,2021-6-17-12:15
i,0.73,0.792,0.13,0.0264,0.101,0.745,2021-6-17-13:22
i,0.73,0.792,0.13,0.0264,0.101,0.745,2021-6-17-14:10
i,0.73,0.792,0.13,0.0264,0.101,0.745,2021-6-17-15:11
i,0.73,0.792,0.13,0.0264,0.101,0.745,2021-6-17-16:19
i,0.727,0.729,0.326,0.171,0.07,0.512,2021-6-17-17:28
i,0.704,0.225,0.0994,0.902,0.106,0.243,2021-6-17-18:14
i,0.686,0.783,0.119,0.0764,0.163,0.814,2021-6-17-19:11
i,0.83,0.517,0.333,0.399,0.0916,0.616,2021-6-17-20:10
i,0.728,0.806,0.0623,0.0531,0.153,0.698,2021-6-17-21:9
i,0.728,0.806,0.0623,0.0531,0.153,0.698,2021-6-17-22:10
i,0.728,0.806,0.0623,0.0531,0.153,0.698,2021-6-17-23:10
i,0.728,0.806,0.0623,0.0531,0.153,0.698,2021-6-18-0:32
i,0.806,0.546,0.0575,0.3,0.102,0.874,2021-6-18-2:3
i,0.806,0.546,0.0575,0.3,0.102,0.874,2021-6-18-3:13
i,0.806,0.546,0.0575,0.3,0.102,0.874,2021-6-18-4:12
i,0.806,0.546,0.0575,0.3,0.102,0.874,2021-6-18-5:13
i,0.806,0.546,0.0575,0.3,0.102,0.874,2021-6-18-6:12
i,0.806,0.546,0.0575,0.3,0.102,0.874,2021-6-18-7:14
i,0.806,0.546,0.0575,0.3,0.102,0.874,2021-6-18-8:11
i,0.806,0.546,0.0575,0.3,0.102,0.874,2021-6-18-9:10
i,0.806,0.546,0.0575,0.3,0.102,0.874,2021-6-18-10:11
i,0.806,0.546,0.0575,0.3,0.102,0.874,2021-6-18-11:9
i,0.806,0.546,0.0575,0.3,0.102,0.874,2021-6-18-12:14
i,0.806,0.546,0.0575,0.3,0.102,0.874,2021-6-18-13:23
i,0.806,0.546,0.0575,0.3,0.102,0.874,2021-6-18-14:9
i,0.806,0.546,0.0575,0.3,0.102,0.874,2021-6-18-15:11
i,0.806,0.546,0.0575,0.3,0.102,0.874,2021-6-18-16:18
i,0.577,0.875,0.0681,0.0231,0.111,0.411,2021-6-18-17:26
i,0.698,0.702,0.0958,0.00898,0.216,0.401,2021-6-18-18:12
i,0.698,0.702,0.0958,0.00898,0.216,0.401,2021-6-18-19:9
i,0.698,0.702,0.0958,0.00898,0.216,0.401,2021-6-18-20:10
i,0.698,0.702,0.0958,0.00898,0.216,0.401,2021-6-18-21:9
i,0.698,0.702,0.0958,0.00898,0.216,0.401,2021-6-18-22:10
i,0.698,0.702,0.0958,0.00898,0.216,0.401,2021-6-18-23:10
i,0.698,0.702,0.0958,0.00898,0.216,0.401,2021-6-19-0:32
i,0.698,0.702,0.0958,0.00898,0.216,0.401,2021-6-19-2:1
i,0.698,0.702,0.0958,0.00898,0.216,0.401,2021-6-19-3:13
i,0.698,0.702,0.0958,0.00898,0.216,0.401,2021-6-19-4:12
i,0.698,0.702,0.0958,0.00898,0.216,0.401,2021-6-19-5:13
i,0.698,0.702,0.0958,0.00898,0.216,0.401,2021-6-19-6:12
i,0.698,0.702,0.0958,0.00898,0.216,0.401,2021-6-19-7:13
i,0.698,0.702,0.0958,0.00898,0.216,0.401,2021-6-19-8:11
i,0.698,0.702,0.0958,0.00898,0.216,0.401,2021-6-19-9:10
i,0.698,0.702,0.0958,0.00898,0.216,0.401,2021-6-19-10:11
i,0.698,0.702,0.0958,0.00898,0.216,0.401,2021-6-19-11:8
i,0.698,0.702,0.0958,0.00898,0.216,0.401,2021-6-19-12:14
i,0.698,0.702,0.0958,0.00898,0.216,0.401,2021-6-19-13:21
i,0.698,0.702,0.0958,0.00898,0.216,0.401,2021-6-19-14:9
i,0.698,0.702,0.0958,0.00898,0.216,0.401,2021-6-19-15:10
i,0.698,0.702,0.0958,0.00898,0.216,0.401,2021-6-19-16:16
i,0.698,0.702,0.0958,0.00898,0.216,0.401,2021-6-19-17:23
i,0.698,0.702,0.0958,0.00898,0.216,0.401,2021-6-19-18:11
i,0.698,0.702,0.0958,0.00898,0.216,0.401,2021-6-19-19:8
i,0.698,0.702,0.0958,0.00898,0.216,0.401,2021-6-19-20:10
i,0.698,0.702,0.0958,0.00898,0.216,0.401,2021-6-19-21:9
i,0.698,0.702,0.0958,0.00898,0.216,0.401,2021-6-19-22:10
i,0.698,0.702,0.0958,0.00898,0.216,0.401,2021-6-19-23:10
i,0.698,0.702,0.0958,0.00898,0.216,0.401,2021-6-20-0:34
i,0.698,0.702,0.0958,0.00898,0.216,0.401,2021-6-20-2:4
i,0.709,0.369,0.0488,0.238,0.0704,0.373,2021-6-20-3:13
i,0.706,0.524,0.026,0.127,0.109,0.296,2021-6-20-4:12
i,0.706,0.714,0.0403,0.197,0.0754,0.57,2021-6-20-5:12
i,0.61,0.726,0.0483,0.0225,0.184,0.644,2021-6-20-6:12
i,0.653,0.756,0.0366,0.00364,0.089,0.42,2021-6-20-7:13
i,0.612,0.761,0.307,0.0935,0.146,0.46,2021-6-20-8:10
i,0.9,0.568,0.0376,0.52,0.096,0.37,2021-6-20-9:10
i,0.779,0.695,0.031,0.425,0.107,0.392,2021-6-20-10:11
i,0.717,0.741,0.053,0.155,0.133,0.188,2021-6-20-11:8
i,0.669,0.623,0.0413,0.101,0.412,0.184,2021-6-20-12:14
i,0.733,0.555,0.0401,0.0389,0.609,0.839,2021-6-20-13:21
i,0.733,0.555,0.0401,0.0389,0.609,0.839,2021-6-20-14:9
i,0.733,0.555,0.0401,0.0389,0.609,0.839,2021-6-20-15:11
i,0.733,0.555,0.0401,0.0389,0.609,0.839,2021-6-20-16:16
i,0.71,0.454,0.227,0.55,0.174,0.547,2021-6-20-17:23
i,0.79,0.647,0.136,0.0515,0.248,0.654,2021-6-20-18:11
i,0.79,0.647,0.136,0.0515,0.248,0.654,2021-6-20-19:8
i,0.79,0.647,0.136,0.0515,0.248,0.654,2021-6-20-20:10
i,0.79,0.647,0.136,0.0515,0.248,0.654,2021-6-20-21:9
i,0.758,0.913,0.113,0.00364,0.193,0.658,2021-6-20-22:9
i,0.689,0.612,0.0387,0.228,0.368,0.461,2021-6-20-23:10
i,0.689,0.612,0.0387,0.228,0.368,0.461,2021-6-21-0:34
i,0.689,0.612,0.0387,0.228,0.368,0.461,2021-6-21-2:4
i,0.689,0.612,0.0387,0.228,0.368,0.461,2021-6-21-3:13
i,0.689,0.612,0.0387,0.228,0.368,0.461,2021-6-21-4:12
i,0.71,0.772,0.0568,0.137,0.341,0.547,2021-6-21-5:13
i,0.71,0.772,0.0568,0.137,0.341,0.547,2021-6-21-6:12
i,0.71,0.772,0.0568,0.137,0.341,0.547,2021-6-21-7:25
i,0.71,0.772,0.0568,0.137,0.341,0.547,2021-6-21-8:19
i,0.71,0.772,0.0568,0.137,0.341,0.547,2021-6-21-9:10
i,0.71,0.772,0.0568,0.137,0.341,0.547,2021-6-21-10:11
i,0.71,0.772,0.0568,0.137,0.341,0.547,2021-6-21-11:9
i,0.71,0.772,0.0568,0.137,0.341,0.547,2021-6-21-12:15
i,0.71,0.772,0.0568,0.137,0.341,0.547,2021-6-21-13:22
i,0.71,0.772,0.0568,0.137,0.341,0.547,2021-6-21-14:11
i,0.71,0.772,0.0568,0.137,0.341,0.547,2021-6-21-15:11
i,0.799,0.184,0.0499,0.967,0.116,0.674,2021-6-21-16:17
i,0.734,0.855,0.135,0.0821,0.0901,0.54,2021-6-21-17:25
i,0.719,0.648,0.125,0.2,0.127,0.66,2021-6-21-18:11
i,0.837,0.364,0.276,0.149,0.271,0.463,2021-6-21-19:9
i,0.837,0.364,0.276,0.149,0.271,0.463,2021-6-21-20:10
i,0.837,0.364,0.276,0.149,0.271,0.463,2021-6-21-21:9
i,0.837,0.364,0.276,0.149,0.271,0.463,2021-6-21-22:11
i,0.886,0.591,0.134,0.222,0.262,0.314,2021-6-21-23:11
i,0.886,0.591,0.134,0.222,0.262,0.314,2021-6-22-0:31
i,0.886,0.591,0.134,0.222,0.262,0.314,2021-6-22-1:53
i,0.886,0.591,0.134,0.222,0.262,0.314,2021-6-22-2:29
i,0.886,0.591,0.134,0.222,0.262,0.314,2021-6-22-3:10
i,0.886,0.591,0.134,0.222,0.262,0.314,2021-6-22-4:13
i,0.886,0.591,0.134,0.222,0.262,0.314,2021-6-22-5:13
i,0.886,0.591,0.134,0.222,0.262,0.314,2021-6-22-6:12
i,0.886,0.591,0.134,0.222,0.262,0.314,2021-6-22-7:13
i,0.886,0.591,0.134,0.222,0.262,0.314,2021-6-22-8:11
i,0.886,0.591,0.134,0.222,0.262,0.314,2021-6-22-9:10
i,0.886,0.591,0.134,0.222,0.262,0.314,2021-6-22-10:11
i,0.886,0.591,0.134,0.222,0.262,0.314,2021-6-22-11:8
i,0.886,0.591,0.134,0.222,0.262,0.314,2021-6-22-12:15
i,0.886,0.591,0.134,0.222,0.262,0.314,2021-6-22-13:22
i,0.886,0.591,0.134,0.222,0.262,0.314,2021-6-22-14:10
i,0.886,0.591,0.134,0.222,0.262,0.314,2021-6-22-15:11
i,0.886,0.591,0.134,0.222,0.262,0.314,2021-6-22-16:18
i,0.783,0.435,0.0588,0.282,0.0833,0.512,2021-6-22-17:25
i,0.783,0.435,0.0588,0.282,0.0833,0.512,2021-6-22-18:11
i,0.783,0.435,0.0588,0.282,0.0833,0.512,2021-6-22-19:9
i,0.783,0.435,0.0588,0.282,0.0833,0.512,2021-6-22-20:11
i,0.783,0.435,0.0588,0.282,0.0833,0.512,2021-6-22-21:9
i,0.617,0.426,0.0362,0.313,0.104,0.0399,2021-6-22-22:10
i,0.828,0.521,0.137,0.858,0.13,0.369,2021-6-22-23:9
i,0.828,0.521,0.137,0.858,0.13,0.369,2021-6-23-0:31
i,0.828,0.521,0.137,0.858,0.13,0.369,2021-6-23-1:45
i,0.828,0.521,0.137,0.858,0.13,0.369,2021-6-23-2:22
i,0.828,0.521,0.137,0.858,0.13,0.369,2021-6-23-3:10
i,0.828,0.521,0.137,0.858,0.13,0.369,2021-6-23-4:12
i,0.828,0.521,0.137,0.858,0.13,0.369,2021-6-23-5:8
i,0.828,0.521,0.137,0.858,0.13,0.369,2021-6-23-6:11
i,0.828,0.521,0.137,0.858,0.13,0.369,2021-6-23-7:8
i,0.828,0.521,0.137,0.858,0.13,0.369,2021-6-23-8:10
i,0.828,0.521,0.137,0.858,0.13,0.369,2021-6-23-9:9
i,0.828,0.521,0.137,0.858,0.13,0.369,2021-6-23-10:11
i,0.828,0.521,0.137,0.858,0.13,0.369,2021-6-23-11:9
i,0.828,0.521,0.137,0.858,0.13,0.369,2021-6-23-12:12
i,0.828,0.521,0.137,0.858,0.13,0.369,2021-6-23-13:13
i,0.828,0.521,0.137,0.858,0.13,0.369,2021-6-23-14:8
i,0.828,0.521,0.137,0.858,0.13,0.369,2021-6-23-15:10
i,0.828,0.521,0.137,0.858,0.13,0.369,2021-6-23-16:17
i,0.828,0.521,0.137,0.858,0.13,0.369,2021-6-23-18:11
i,0.804,0.411,0.0374,0.348,0.0968,0.234,2021-6-23-19:7
i,0.804,0.411,0.0374,0.348,0.0968,0.234,2021-6-23-20:9
i,0.583,0.94,0.0551,0.0476,0.0524,0.378,2021-6-23-21:8
i,0.807,0.696,0.0468,0.195,0.365,0.442,2021-6-23-22:9
i,0.572,0.8,0.0454,0.239,0.101,0.267,2021-6-23-23:10
i,0.572,0.8,0.0454,0.239,0.101,0.267,2021-6-24-0:44
i,0.525,0.538,0.0998,0.664,0.0965,0.236,2021-6-24-1:48
i,0.525,0.538,0.0998,0.664,0.0965,0.236,2021-6-24-2:20
i,0.615,0.523,0.267,0.505,0.11,0.693,2021-6-24-3:12
i,0.615,0.523,0.267,0.505,0.11,0.693,2021-6-24-4:14
i,0.705,0.529,0.0677,0.426,0.0974,0.732,2021-6-24-5:9
i,0.705,0.529,0.0677,0.426,0.0974,0.732,2021-6-24-6:13
i,0.705,0.529,0.0677,0.426,0.0974,0.732,2021-6-24-7:9
i,0.705,0.529,0.0677,0.426,0.0974,0.732,2021-6-24-8:12
i,0.705,0.529,0.0677,0.426,0.0974,0.732,2021-6-24-9:10
i,0.705,0.529,0.0677,0.426,0.0974,0.732,2021-6-24-10:11
i,0.705,0.529,0.0677,0.426,0.0974,0.732,2021-6-24-11:8
i,0.705,0.529,0.0677,0.426,0.0974,0.732,2021-6-24-12:16
i,0.705,0.529,0.0677,0.426,0.0974,0.732,2021-6-24-13:18
i,0.705,0.529,0.0677,0.426,0.0974,0.732,2021-6-24-14:9
i,0.705,0.529,0.0677,0.426,0.0974,0.732,2021-6-24-15:12
i,0.705,0.529,0.0677,0.426,0.0974,0.732,2021-6-24-16:16
i,0.507,0.628,0.393,0.182,0.125,0.105,2021-6-24-17:18
i,0.507,0.628,0.393,0.182,0.125,0.105,2021-6-24-18:12
i,0.623,0.683,0.0437,0.0995,0.372,0.747,2021-6-24-19:8
i,0.623,0.683,0.0437,0.0995,0.372,0.747,2021-6-24-20:9
i,0.779,0.705,0.163,0.00471,0.0971,0.196,2021-6-24-21:9
i,0.511,0.566,0.2,0.349,0.34,0.218,2021-6-24-22:10
i,0.88,0.443,0.0653,0.462,0.122,0.803,2021-6-24-23:10
i,0.78,0.76,0.21,0.247,0.0883,0.783,2021-6-25-0:35
i,0.648,0.504,0.356,0.168,0.105,0.271,2021-6-25-1:57
i,0.694,0.649,0.172,0.315,0.139,0.345,2021-6-25-2:30
i,0.694,0.649,0.172,0.315,0.139,0.345,2021-6-25-3:11
i,0.694,0.649,0.172,0.315,0.139,0.345,2021-6-25-4:12
i,0.694,0.649,0.172,0.315,0.139,0.345,2021-6-25-5:9
i,0.694,0.649,0.172,0.315,0.139,0.345,2021-6-25-6:13
i,0.694,0.649,0.172,0.315,0.139,0.345,2021-6-25-7:8
i,0.694,0.649,0.172,0.315,0.139,0.345,2021-6-25-8:11
i,0.694,0.649,0.172,0.315,0.139,0.345,2021-6-25-9:11
i,0.694,0.649,0.172,0.315,0.139,0.345,2021-6-25-10:11
i,0.694,0.649,0.172,0.315,0.139,0.345,2021-6-25-11:8
i,0.694,0.649,0.172,0.315,0.139,0.345,2021-6-25-12:15
i,0.694,0.649,0.172,0.315,0.139,0.345,2021-6-25-13:17
i,0.694,0.649,0.172,0.315,0.139,0.345,2021-6-25-14:9
i,0.694,0.649,0.172,0.315,0.139,0.345,2021-6-25-15:11
i,0.694,0.649,0.172,0.315,0.139,0.345,2021-6-25-16:14
i,0.682,0.72,0.0381,0.326,0.148,0.673,2021-6-25-17:18
i,0.682,0.72,0.0381,0.326,0.148,0.673,2021-6-25-18:11
i,0.682,0.72,0.0381,0.326,0.148,0.673,2021-6-25-19:8
i,0.653,0.593,0.298,0.368,0.103,0.405,2021-6-25-20:10
i,0.453,0.736,0.229,0.204,0.105,0.288,2021-6-25-21:9
i,0.453,0.736,0.229,0.204,0.105,0.288,2021-6-25-22:9
i,0.71,0.793,0.0694,0.0419,0.338,0.604,2021-6-25-23:10
i,0.71,0.793,0.0694,0.0419,0.338,0.604,2021-6-26-0:31
i,0.746,0.576,0.0345,0.0204,0.0959,0.0769,2021-6-26-1:48
i,0.746,0.576,0.0345,0.0204,0.0959,0.0769,2021-6-26-2:22
i,0.746,0.576,0.0345,0.0204,0.0959,0.0769,2021-6-26-3:11
i,0.708,0.482,0.245,0.584,0.159,0.387,2021-6-26-4:12
i,0.708,0.482,0.245,0.584,0.159,0.387,2021-6-26-5:8
i,0.708,0.482,0.245,0.584,0.159,0.387,2021-6-26-6:12
i,0.708,0.482,0.245,0.584,0.159,0.387,2021-6-26-7:9
i,0.708,0.482,0.245,0.584,0.159,0.387,2021-6-26-8:10
i,0.708,0.482,0.245,0.584,0.159,0.387,2021-6-26-9:10
i,0.708,0.482,0.245,0.584,0.159,0.387,2021-6-26-10:11
i,0.708,0.482,0.245,0.584,0.159,0.387,2021-6-26-11:8
i,0.708,0.482,0.245,0.584,0.159,0.387,2021-6-26-12:14
i,0.708,0.482,0.245,0.584,0.159,0.387,2021-6-26-13:15
i,0.708,0.482,0.245,0.584,0.159,0.387,2021-6-26-14:9
i,0.708,0.482,0.245,0.584,0.159,0.387,2021-6-26-15:11
i,0.708,0.482,0.245,0.584,0.159,0.387,2021-6-26-16:14
i,0.708,0.482,0.245,0.584,0.159,0.387,2021-6-26-17:16
i,0.494,0.651,0.0384,0.0819,0.104,0.162,2021-6-26-18:11
i,0.474,0.951,0.0701,0.000303,0.672,0.0775,2021-6-26-19:7
i,0.409,0.876,0.0459,0.072,0.225,0.0707,2021-6-26-20:10
i,0.407,0.938,0.0655,0.000798,0.275,0.515,2021-6-26-21:9
i,0.407,0.938,0.0655,0.000798,0.275,0.515,2021-6-26-22:9
i,0.474,0.951,0.0701,0.000303,0.672,0.0775,2021-6-26-23:10
i,0.694,0.887,0.119,0.0683,0.325,0.868,2021-6-27-0:36
i,0.694,0.887,0.119,0.0683,0.325,0.868,2021-6-27-1:59
i,0.611,0.467,0.204,0.617,0.0909,0.878,2021-6-27-2:32
i,0.544,0.921,0.0512,0.000504,0.391,0.603,2021-6-27-3:11
i,0.844,0.644,0.0479,0.0828,0.113,0.591,2021-6-27-4:12
i,0.553,0.805,0.124,0.0265,0.358,0.348,2021-6-27-5:8
i,0.553,0.805,0.124,0.0265,0.358,0.348,2021-6-27-6:12
i,0.553,0.805,0.124,0.0265,0.358,0.348,2021-6-27-7:9
i,0.553,0.805,0.124,0.0265,0.358,0.348,2021-6-27-8:11
i,0.553,0.805,0.124,0.0265,0.358,0.348,2021-6-27-9:12
i,0.553,0.805,0.124,0.0265,0.358,0.348,2021-6-27-10:10
i,0.553,0.805,0.124,0.0265,0.358,0.348,2021-6-27-11:8
i,0.553,0.805,0.124,0.0265,0.358,0.348,2021-6-27-12:15
i,0.553,0.805,0.124,0.0265,0.358,0.348,2021-6-27-13:16
i,0.553,0.805,0.124,0.0265,0.358,0.348,2021-6-27-14:9
i,0.553,0.805,0.124,0.0265,0.358,0.348,2021-6-27-15:11
i,0.553,0.805,0.124,0.0265,0.358,0.348,2021-6-27-16:14
i,0.553,0.805,0.124,0.0265,0.358,0.348,2021-6-27-17:16
i,0.651,0.454,0.0336,0.637,0.126,0.577,2021-6-27-18:11
i,0.61,0.861,0.115,0.0141,0.35,0.775,2021-6-27-19:8
i,0.704,0.643,0.0301,0.261,0.111,0.413,2021-6-27-20:9
i,0.72,0.817,0.109,0.263,0.103,0.703,2021-6-27-21:9
i,0.642,0.77,0.0299,0.015,0.3,0.618,2021-6-27-22:9
i,0.642,0.77,0.0299,0.015,0.3,0.618,2021-6-27-23:10
i,0.652,0.908,0.0913,0.0619,0.0894,0.557,2021-6-28-0:35
i,0.778,0.559,0.0776,0.128,0.399,0.678,2021-6-28-1:54
i,0.878,0.525,0.0578,0.183,0.0714,0.694,2021-6-28-2:27
i,0.878,0.525,0.0578,0.183,0.0714,0.694,2021-6-28-3:11
i,0.878,0.525,0.0578,0.183,0.0714,0.694,2021-6-28-4:13
i,0.878,0.525,0.0578,0.183,0.0714,0.694,2021-6-28-5:9
i,0.878,0.525,0.0578,0.183,0.0714,0.694,2021-6-28-6:13
i,0.878,0.525,0.0578,0.183,0.0714,0.694,2021-6-28-7:9
i,0.878,0.525,0.0578,0.183,0.0714,0.694,2021-6-28-8:11
i,0.878,0.525,0.0578,0.183,0.0714,0.694,2021-6-28-9:11
i,0.878,0.525,0.0578,0.183,0.0714,0.694,2021-6-28-10:11
i,0.878,0.525,0.0578,0.183,0.0714,0.694,2021-6-28-11:8
i,0.878,0.525,0.0578,0.183,0.0714,0.694,2021-6-28-12:15
i,0.878,0.525,0.0578,0.183,0.0714,0.694,2021-6-28-13:18
i,0.878,0.525,0.0578,0.183,0.0714,0.694,2021-6-28-14:9
i,0.465,0.687,0.0495,0.0206,0.121,0.13,2021-6-28-15:11
i,0.654,0.605,0.0293,0.0563,0.155,0.364,2021-6-28-16:17
i,0.764,0.441,0.0625,0.422,0.139,0.6,2021-6-28-17:42
i,0.791,0.839,0.0424,0.0849,0.193,0.349,2021-6-28-18:22
i,0.734,0.679,0.082,0.0774,0.177,0.53,2021-6-28-19:10
i,0.592,0.868,0.145,0.102,0.0858,0.86,2021-6-28-20:10
i,0.809,0.613,0.175,0.0685,0.107,0.562,2021-6-28-21:9
i,0.701,0.529,0.147,0.82,0.249,0.577,2021-6-28-22:10
i,0.682,0.686,0.0488,0.0986,0.358,0.398,2021-6-28-23:10
i,0.682,0.686,0.0488,0.0986,0.358,0.398,2021-6-29-0:32
i,0.353,0.239,0.036,0.929,0.0681,0.299,2021-6-29-1:51
i,0.654,0.972,0.103,0.0174,0.402,0.687,2021-6-29-2:24
i,0.859,0.548,0.0421,0.00468,0.0901,0.502,2021-6-29-3:11
i,0.683,0.615,0.0966,0.222,0.154,0.45,2021-6-29-4:12
i,0.7,0.613,0.0408,0.385,0.0887,0.42,2021-6-29-5:9
i,0.7,0.613,0.0408,0.385,0.0887,0.42,2021-6-29-6:13
i,0.7,0.613,0.0408,0.385,0.0887,0.42,2021-6-29-7:9
i,0.7,0.613,0.0408,0.385,0.0887,0.42,2021-6-29-8:11
i,0.7,0.613,0.0408,0.385,0.0887,0.42,2021-6-29-9:11
i,0.7,0.613,0.0408,0.385,0.0887,0.42,2021-6-29-10:11
i,0.7,0.613,0.0408,0.385,0.0887,0.42,2021-6-29-11:8
i,0.7,0.613,0.0408,0.385,0.0887,0.42,2021-6-29-12:15
i,0.7,0.613,0.0408,0.385,0.0887,0.42,2021-6-29-13:17
i,0.7,0.613,0.0408,0.385,0.0887,0.42,2021-6-29-14:9
i,0.465,0.687,0.0495,0.0206,0.121,0.13,2021-6-29-15:10
i,0.785,0.492,0.0721,0.234,0.165,0.273,2021-6-29-16:15
i,0.273,0.745,0.0704,0.00417,0.955,0.145,2021-6-29-17:18
i,0.273,0.745,0.0704,0.00417,0.955,0.145,2021-6-29-18:12
i,0.273,0.745,0.0704,0.00417,0.955,0.145,2021-6-29-19:8
i,0.556,0.411,0.323,0.235,0.364,0.336,2021-6-29-20:10
i,0.633,0.644,0.113,0.191,0.137,0.48,2021-6-29-21:9
i,0.549,0.89,0.187,0.0618,0.0402,0.171,2021-6-29-22:10
i,0.549,0.89,0.187,0.0618,0.0402,0.171,2021-6-29-23:10
i,0.659,0.821,0.209,0.00249,0.321,0.39,2021-6-30-0:36
i,0.659,0.821,0.209,0.00249,0.321,0.39,2021-6-30-1:57
i,0.659,0.821,0.209,0.00249,0.321,0.39,2021-6-30-2:30
i,0.659,0.821,0.209,0.00249,0.321,0.39,2021-6-30-3:11
i,0.695,0.842,0.121,0.043,0.0967,0.463,2021-6-30-4:13
i,0.583,0.625,0.277,0.506,0.196,0.516,2021-6-30-5:8
i,0.694,0.647,0.0402,0.2,0.105,0.617,2021-6-30-6:12
i,0.569,0.83,0.14,0.0807,0.114,0.609,2021-6-30-7:9
i,0.454,0.544,0.0401,0.00658,0.184,0.239,2021-6-30-8:11
i,0.67,0.574,0.0698,0.022,0.0772,0.497,2021-6-30-9:11
i,0.804,0.411,0.0374,0.348,0.0968,0.234,2021-6-30-10:11
i,0.886,0.591,0.134,0.222,0.262,0.314,2021-6-30-11:9
i,0.735,0.603,0.0466,0.00809,0.104,0.455,2021-6-30-12:15
i,0.898,0.296,0.395,0.0753,0.115,0.169,2021-6-30-13:17
i,0.809,0.446,0.176,0.0601,0.0888,0.343,2021-6-30-14:9
i,0.809,0.446,0.176,0.0601,0.0888,0.343,2021-6-30-15:11
i,0.809,0.446,0.176,0.0601,0.0888,0.343,2021-6-30-16:15
i,0.723,0.377,0.328,0.213,0.0918,0.634,2021-6-30-17:20
i,0.79,0.505,0.324,0.348,0.0935,0.26,2021-6-30-18:12
i,0.79,0.505,0.324,0.348,0.0935,0.26,2021-6-30-19:8
i,0.79,0.505,0.324,0.348,0.0935,0.26,2021-6-30-20:10
i,0.79,0.505,0.324,0.348,0.0935,0.26,2021-6-30-21:9
i,0.79,0.505,0.324,0.348,0.0935,0.26,2021-6-30-22:10
i,0.79,0.505,0.324,0.348,0.0935,0.26,2021-6-30-23:10
i,0.79,0.505,0.324,0.348,0.0935,0.26,2021-7-1-0:34
i,0.693,0.694,0.0533,0.344,0.112,0.882,2021-7-1-1:56
i,0.637,0.865,0.165,0.22,0.1,0.518,2021-7-1-2:25
i,0.637,0.865,0.165,0.22,0.1,0.518,2021-7-1-3:11
i,0.637,0.865,0.165,0.22,0.1,0.518,2021-7-1-4:13
i,0.637,0.865,0.165,0.22,0.1,0.518,2021-7-1-5:9
i,0.637,0.865,0.165,0.22,0.1,0.518,2021-7-1-6:12
i,0.637,0.865,0.165,0.22,0.1,0.518,2021-7-1-7:9
i,0.637,0.865,0.165,0.22,0.1,0.518,2021-7-1-8:11
i,0.637,0.865,0.165,0.22,0.1,0.518,2021-7-1-9:11
i,0.637,0.865,0.165,0.22,0.1,0.518,2021-7-1-10:11
i,0.637,0.865,0.165,0.22,0.1,0.518,2021-7-1-11:8
i,0.637,0.865,0.165,0.22,0.1,0.518,2021-7-1-12:16
i,0.637,0.865,0.165,0.22,0.1,0.518,2021-7-1-13:16
i,0.637,0.865,0.165,0.22,0.1,0.518,2021-7-1-14:9
i,0.637,0.865,0.165,0.22,0.1,0.518,2021-7-1-15:11
i,0.637,0.865,0.165,0.22,0.1,0.518,2021-7-1-16:16
i,0.917,0.432,0.0558,0.0691,0.111,0.246,2021-7-1-17:19
i,0.623,0.273,0.0338,0.947,0.0968,0.402,2021-7-1-18:12
i,0.623,0.273,0.0338,0.947,0.0968,0.402,2021-7-1-19:9
i,0.623,0.273,0.0338,0.947,0.0968,0.402,2021-7-1-20:11
i,0.623,0.273,0.0338,0.947,0.0968,0.402,2021-7-1-21:10
i,0.623,0.273,0.0338,0.947,0.0968,0.402,2021-7-1-22:10
i,0.695,0.842,0.121,0.043,0.0967,0.463,2021-7-1-23:10
i,0.695,0.842,0.121,0.043,0.0967,0.463,2021-7-2-0:32
i,0.454,0.483,0.0422,0.00501,0.18,0.062,2021-7-2-1:56
i,0.612,0.882,0.235,0.0212,0.593,0.398,2021-7-2-2:23
i,0.612,0.882,0.235,0.0212,0.593,0.398,2021-7-2-3:11
i,0.612,0.882,0.235,0.0212,0.593,0.398,2021-7-2-4:12
i,0.612,0.882,0.235,0.0212,0.593,0.398,2021-7-2-5:9
i,0.612,0.882,0.235,0.0212,0.593,0.398,2021-7-2-6:11
i,0.612,0.882,0.235,0.0212,0.593,0.398,2021-7-2-7:11
i,0.612,0.882,0.235,0.0212,0.593,0.398,2021-7-2-8:11
i,0.612,0.882,0.235,0.0212,0.593,0.398,2021-7-2-9:10
i,0.612,0.882,0.235,0.0212,0.593,0.398,2021-7-2-10:11
i,0.612,0.882,0.235,0.0212,0.593,0.398,2021-7-2-11:8
i,0.612,0.882,0.235,0.0212,0.593,0.398,2021-7-2-12:15
i,0.612,0.882,0.235,0.0212,0.593,0.398,2021-7-2-13:16
i,0.612,0.882,0.235,0.0212,0.593,0.398,2021-7-2-14:9
i,0.612,0.882,0.235,0.0212,0.593,0.398,2021-7-2-15:12
i,0.612,0.882,0.235,0.0212,0.593,0.398,2021-7-2-16:17
i,0.612,0.882,0.235,0.0212,0.593,0.398,2021-7-2-17:18
i,0.612,0.882,0.235,0.0212,0.593,0.398,2021-7-2-18:11
i,0.612,0.882,0.235,0.0212,0.593,0.398,2021-7-2-19:9
i,0.612,0.882,0.235,0.0212,0.593,0.398,2021-7-2-20:10
i,0.612,0.882,0.235,0.0212,0.593,0.398,2021-7-2-21:9
i,0.612,0.882,0.235,0.0212,0.593,0.398,2021-7-2-22:12
i,0.612,0.882,0.235,0.0212,0.593,0.398,2021-7-2-23:10
i,0.721,0.645,0.0513,0.00408,0.0957,0.415,2021-7-3-0:33
i,0.801,0.746,0.0487,0.0913,0.108,0.0618,2021-7-3-1:48
i,0.954,0.498,0.156,0.464,0.116,0.11,2021-7-3-2:18
i,0.697,0.781,0.0503,0.0878,0.102,0.516,2021-7-3-3:11
i,0.879,0.483,0.0519,0.0292,0.08,0.433,2021-7-3-4:12
i,0.72,0.888,0.0847,0.14,0.0806,0.378,2021-7-3-5:8
i,0.72,0.888,0.0847,0.14,0.0806,0.378,2021-7-3-6:12
i,0.72,0.888,0.0847,0.14,0.0806,0.378,2021-7-3-7:9
i,0.72,0.888,0.0847,0.14,0.0806,0.378,2021-7-3-8:11
i,0.72,0.888,0.0847,0.14,0.0806,0.378,2021-7-3-9:10
i,0.72,0.888,0.0847,0.14,0.0806,0.378,2021-7-3-10:10
i,0.72,0.888,0.0847,0.14,0.0806,0.378,2021-7-3-11:8
i,0.72,0.888,0.0847,0.14,0.0806,0.378,2021-7-3-12:14
i,0.72,0.888,0.0847,0.14,0.0806,0.378,2021-7-3-13:13
i,0.72,0.888,0.0847,0.14,0.0806,0.378,2021-7-3-14:8
i,0.72,0.888,0.0847,0.14,0.0806,0.378,2021-7-3-15:11
i,0.72,0.888,0.0847,0.14,0.0806,0.378,2021-7-3-16:14
i,0.72,0.888,0.0847,0.14,0.0806,0.378,2021-7-3-17:15
i,0.72,0.888,0.0847,0.14,0.0806,0.378,2021-7-3-18:11
i,0.72,0.888,0.0847,0.14,0.0806,0.378,2021-7-3-19:8
i,0.72,0.888,0.0847,0.14,0.0806,0.378,2021-7-3-20:10
i,0.72,0.888,0.0847,0.14,0.0806,0.378,2021-7-3-21:9
i,0.72,0.888,0.0847,0.14,0.0806,0.378,2021-7-3-22:9
i,0.72,0.888,0.0847,0.14,0.0806,0.378,2021-7-3-23:9
i,0.72,0.888,0.0847,0.14,0.0806,0.378,2021-7-4-0:33
i,0.72,0.888,0.0847,0.14,0.0806,0.378,2021-7-4-1:52
i,0.72,0.888,0.0847,0.14,0.0806,0.378,2021-7-4-2:20
i,0.72,0.888,0.0847,0.14,0.0806,0.378,2021-7-4-3:11
i,0.819,0.699,0.0469,0.0144,0.375,0.478,2021-7-4-4:13
i,0.718,0.67,0.0494,0.535,0.675,0.509,2021-7-4-5:8
i,0.718,0.67,0.0494,0.535,0.675,0.509,2021-7-4-6:12
i,0.718,0.67,0.0494,0.535,0.675,0.509,2021-7-4-7:9
i,0.718,0.67,0.0494,0.535,0.675,0.509,2021-7-4-8:10
i,0.718,0.67,0.0494,0.535,0.675,0.509,2021-7-4-9:10
i,0.718,0.67,0.0494,0.535,0.675,0.509,2021-7-4-10:11
i,0.718,0.67,0.0494,0.535,0.675,0.509,2021-7-4-11:8
i,0.718,0.67,0.0494,0.535,0.675,0.509,2021-7-4-12:14
i,0.718,0.67,0.0494,0.535,0.675,0.509,2021-7-4-13:14
i,0.718,0.67,0.0494,0.535,0.675,0.509,2021-7-4-14:9
i,0.465,0.687,0.0495,0.0206,0.121,0.13,2021-7-4-15:11
i,0.465,0.687,0.0495,0.0206,0.121,0.13,2021-7-4-16:14
i,0.465,0.687,0.0495,0.0206,0.121,0.13,2021-7-4-17:15
i,0.465,0.687,0.0495,0.0206,0.121,0.13,2021-7-4-18:11
i,0.465,0.687,0.0495,0.0206,0.121,0.13,2021-7-4-19:8
i,0.465,0.687,0.0495,0.0206,0.121,0.13,2021-7-4-20:9
i,0.465,0.687,0.0495,0.0206,0.121,0.13,2021-7-4-21:9
i,0.465,0.687,0.0495,0.0206,0.121,0.13,2021-7-4-22:9
i,0.721,0.645,0.0513,0.00408,0.0957,0.415,2021-7-4-23:9
i,0.704,0.571,0.0969,0.0222,0.101,0.524,2021-7-5-0:31
i,0.689,0.709,0.0707,0.12,0.107,0.878,2021-7-5-1:52
i,0.576,0.85,0.0627,0.136,0.0821,0.542,2021-7-5-2:21
i,0.486,0.497,0.117,0.438,0.355,0.285,2021-7-5-3:11
i,0.486,0.497,0.117,0.438,0.355,0.285,2021-7-5-4:12
i,0.486,0.497,0.117,0.438,0.355,0.285,2021-7-5-5:9
i,0.486,0.497,0.117,0.438,0.355,0.285,2021-7-5-6:12
i,0.552,0.585,0.105,0.665,0.192,0.538,2021-7-5-7:9
i,0.583,0.625,0.277,0.506,0.196,0.516,2021-7-5-8:12
i,0.583,0.625,0.277,0.506,0.196,0.516,2021-7-5-9:11
i,0.583,0.625,0.277,0.506,0.196,0.516,2021-7-5-10:11
i,0.583,0.625,0.277,0.506,0.196,0.516,2021-7-5-11:8
i,0.583,0.625,0.277,0.506,0.196,0.516,2021-7-5-12:15
i,0.583,0.625,0.277,0.506,0.196,0.516,2021-7-5-13:16
i,0.583,0.625,0.277,0.506,0.196,0.516,2021-7-5-14:9
i,0.583,0.625,0.277,0.506,0.196,0.516,2021-7-5-15:11
i,0.583,0.625,0.277,0.506,0.196,0.516,2021-7-5-16:15
i,0.583,0.625,0.277,0.506,0.196,0.516,2021-7-5-17:17
i,0.568,0.475,0.0512,0.271,0.11,0.192,2021-7-5-18:12
i,0.636,0.776,0.335,0.359,0.533,0.257,2021-7-5-19:8
i,0.636,0.776,0.335,0.359,0.533,0.257,2021-7-5-20:10
i,0.636,0.776,0.335,0.359,0.533,0.257,2021-7-5-21:9
i,0.765,0.473,0.0514,0.287,0.391,0.34,2021-7-5-22:9
i,0.765,0.473,0.0514,0.287,0.391,0.34,2021-7-5-23:10
i,0.765,0.473,0.0514,0.287,0.391,0.34,2021-7-6-0:34
i,0.765,0.473,0.0514,0.287,0.391,0.34,2021-7-6-1:55
i,0.765,0.473,0.0514,0.287,0.391,0.34,2021-7-6-2:23
i,0.765,0.473,0.0514,0.287,0.391,0.34,2021-7-6-3:11
i,0.765,0.473,0.0514,0.287,0.391,0.34,2021-7-6-4:12
i,0.765,0.473,0.0514,0.287,0.391,0.34,2021-7-6-5:9
i,0.765,0.473,0.0514,0.287,0.391,0.34,2021-7-6-6:13
i,0.765,0.473,0.0514,0.287,0.391,0.34,2021-7-6-7:9
i,0.765,0.473,0.0514,0.287,0.391,0.34,2021-7-6-8:11
i,0.765,0.473,0.0514,0.287,0.391,0.34,2021-7-6-9:10
i,0.765,0.473,0.0514,0.287,0.391,0.34,2021-7-6-10:10
i,0.765,0.473,0.0514,0.287,0.391,0.34,2021-7-6-11:8
i,0.765,0.473,0.0514,0.287,0.391,0.34,2021-7-6-12:15
i,0.765,0.473,0.0514,0.287,0.391,0.34,2021-7-6-13:16
i,0.765,0.473,0.0514,0.287,0.391,0.34,2021-7-6-14:9
i,0.765,0.473,0.0514,0.287,0.391,0.34,2021-7-6-15:11
i,0.765,0.473,0.0514,0.287,0.391,0.34,2021-7-6-16:15
i,0.522,0.536,0.0539,0.623,0.0967,0.668,2021-7-6-17:16
i,0.522,0.536,0.0539,0.623,0.0967,0.668,2021-7-6-18:12
i,0.66,0.57,0.0451,0.0626,0.121,0.528,2021-7-6-19:8
i,0.66,0.57,0.0451,0.0626,0.121,0.528,2021-7-6-20:10
i,0.763,0.597,0.0484,0.529,0.107,0.357,2021-7-6-21:9
i,0.495,0.396,0.062,0.825,0.344,0.387,2021-7-6-22:9
i,0.495,0.396,0.062,0.825,0.344,0.387,2021-7-6-23:13
i,0.502,0.385,0.0376,0.203,0.104,0.232,2021-7-7-0:33
i,0.502,0.385,0.0376,0.203,0.104,0.232,2021-7-7-1:53
i,0.502,0.385,0.0376,0.203,0.104,0.232,2021-7-7-2:23
i,0.687,0.62,0.138,0.0356,0.117,0.524,2021-7-7-3:11
i,0.707,0.449,0.0362,0.0456,0.137,0.359,2021-7-7-4:13
i,0.707,0.449,0.0362,0.0456,0.137,0.359,2021-7-7-5:9
i,0.707,0.449,0.0362,0.0456,0.137,0.359,2021-7-7-6:12
i,0.707,0.449,0.0362,0.0456,0.137,0.359,2021-7-7-7:9
i,0.707,0.449,0.0362,0.0456,0.137,0.359,2021-7-7-8:11
i,0.707,0.449,0.0362,0.0456,0.137,0.359,2021-7-7-9:11
i,0.707,0.449,0.0362,0.0456,0.137,0.359,2021-7-7-10:11
i,0.707,0.449,0.0362,0.0456,0.137,0.359,2021-7-7-11:8
i,0.707,0.449,0.0362,0.0456,0.137,0.359,2021-7-7-12:15
i,0.707,0.449,0.0362,0.0456,0.137,0.359,2021-7-7-13:17
i,0.707,0.449,0.0362,0.0456,0.137,0.359,2021-7-7-14:10
i,0.707,0.449,0.0362,0.0456,0.137,0.359,2021-7-7-15:14
i,0.707,0.449,0.0362,0.0456,0.137,0.359,2021-7-7-16:21
i,0.408,0.223,0.0281,0.568,0.116,0.0746,2021-7-7-17:26
i,0.675,0.571,0.0347,0.379,0.0957,0.883,2021-7-7-18:12
i,0.595,0.784,0.102,0.216,0.0608,0.479,2021-7-7-19:8
i,0.841,0.593,0.0379,0.418,0.124,0.808,2021-7-7-20:12
i,0.678,0.597,0.0422,0.0707,0.197,0.114,2021-7-7-21:9
i,0.819,0.599,0.039,0.347,0.083,0.489,2021-7-7-22:10
i,0.819,0.599,0.039,0.347,0.083,0.489,2021-7-7-23:10
i,0.819,0.599,0.039,0.347,0.083,0.489,2021-7-8-0:31
i,0.819,0.599,0.039,0.347,0.083,0.489,2021-7-8-1:55
i,0.819,0.599,0.039,0.347,0.083,0.489,2021-7-8-2:24
i,0.819,0.599,0.039,0.347,0.083,0.489,2021-7-8-3:11
i,0.819,0.599,0.039,0.347,0.083,0.489,2021-7-8-4:12
i,0.819,0.599,0.039,0.347,0.083,0.489,2021-7-8-5:9
i,0.819,0.599,0.039,0.347,0.083,0.489,2021-7-8-6:12
i,0.819,0.599,0.039,0.347,0.083,0.489,2021-7-8-7:9
i,0.819,0.599,0.039,0.347,0.083,0.489,2021-7-8-8:11
i,0.819,0.599,0.039,0.347,0.083,0.489,2021-7-8-9:11
i,0.819,0.599,0.039,0.347,0.083,0.489,2021-7-8-10:11
i,0.819,0.599,0.039,0.347,0.083,0.489,2021-7-8-11:9
i,0.819,0.599,0.039,0.347,0.083,0.489,2021-7-8-12:16
i,0.819,0.599,0.039,0.347,0.083,0.489,2021-7-8-13:20
i,0.819,0.599,0.039,0.347,0.083,0.489,2021-7-8-14:10
i,0.819,0.599,0.039,0.347,0.083,0.489,2021-7-8-15:13
i,0.819,0.599,0.039,0.347,0.083,0.489,2021-7-8-16:20
i,0.819,0.599,0.039,0.347,0.083,0.489,2021-7-8-17:22
i,0.298,0.38,0.0287,0.778,0.11,0.152,2021-7-8-18:12
i,0.717,0.482,0.0465,0.564,0.0921,0.321,2021-7-8-19:8
i,0.717,0.482,0.0465,0.564,0.0921,0.321,2021-7-8-20:10
i,0.757,0.189,0.0581,0.766,0.127,0.565,2021-7-8-21:9
i,0.757,0.189,0.0581,0.766,0.127,0.565,2021-7-8-22:9
i,0.718,0.605,0.0812,0.225,0.116,0.242,2021-7-8-23:13
i,0.718,0.605,0.0812,0.225,0.116,0.242,2021-7-9-0:35
i,0.718,0.605,0.0812,0.225,0.116,0.242,2021-7-9-1:55
i,0.718,0.605,0.0812,0.225,0.116,0.242,2021-7-9-2:24
i,0.718,0.605,0.0812,0.225,0.116,0.242,2021-7-9-3:11
i,0.639,0.614,0.0457,0.034,0.246,0.344,2021-7-9-4:13
i,0.519,0.439,0.347,0.601,0.105,0.357,2021-7-9-5:9
i,0.519,0.439,0.347,0.601,0.105,0.357,2021-7-9-6:12
i,0.519,0.439,0.347,0.601,0.105,0.357,2021-7-9-7:9
i,0.519,0.439,0.347,0.601,0.105,0.357,2021-7-9-8:12
i,0.519,0.439,0.347,0.601,0.105,0.357,2021-7-9-9:11
i,0.519,0.439,0.347,0.601,0.105,0.357,2021-7-9-10:11
i,0.519,0.439,0.347,0.601,0.105,0.357,2021-7-9-11:9
i,0.519,0.439,0.347,0.601,0.105,0.357,2021-7-9-12:15
i,0.519,0.439,0.347,0.601,0.105,0.357,2021-7-9-13:15
i,0.519,0.439,0.347,0.601,0.105,0.357,2021-7-9-14:10
i,0.519,0.439,0.347,0.601,0.105,0.357,2021-7-9-15:12
i,0.519,0.439,0.347,0.601,0.105,0.357,2021-7-9-16:15
i,0.519,0.439,0.347,0.601,0.105,0.357,2021-7-9-17:18
i,0.519,0.439,0.347,0.601,0.105,0.357,2021-7-9-18:13
i,0.661,0.693,0.196,0.324,0.0959,0.613,2021-7-9-19:8
i,0.603,0.569,0.346,0.11,0.101,0.305,2021-7-9-20:10
i,0.848,0.542,0.0539,0.155,0.0767,0.538,2021-7-9-21:9
i,0.599,0.686,0.0422,0.0177,0.0929,0.663,2021-7-9-22:10
i,0.429,0.371,0.0351,0.768,0.119,0.305,2021-7-9-23:10
i,0.429,0.371,0.0351,0.768,0.119,0.305,2021-7-10-0:31
i,0.67,0.419,0.0751,0.75,0.0976,0.513,2021-7-10-1:49
i,0.791,0.267,0.0415,0.674,0.102,0.544,2021-7-10-2:22
i,0.791,0.267,0.0415,0.674,0.102,0.544,2021-7-10-3:11
i,0.791,0.267,0.0415,0.674,0.102,0.544,2021-7-10-4:13
i,0.791,0.267,0.0415,0.674,0.102,0.544,2021-7-10-5:8
i,0.791,0.267,0.0415,0.674,0.102,0.544,2021-7-10-6:12
i,0.791,0.267,0.0415,0.674,0.102,0.544,2021-7-10-7:9
i,0.791,0.267,0.0415,0.674,0.102,0.544,2021-7-10-8:11
i,0.791,0.267,0.0415,0.674,0.102,0.544,2021-7-10-9:10
i,0.791,0.267,0.0415,0.674,0.102,0.544,2021-7-10-10:10
i,0.791,0.267,0.0415,0.674,0.102,0.544,2021-7-10-11:8
i,0.791,0.267,0.0415,0.674,0.102,0.544,2021-7-10-12:14
i,0.791,0.267,0.0415,0.674,0.102,0.544,2021-7-10-13:14
i,0.791,0.267,0.0415,0.674,0.102,0.544,2021-7-10-14:8
i,0.791,0.267,0.0415,0.674,0.102,0.544,2021-7-10-15:11
i,0.791,0.267,0.0415,0.674,0.102,0.544,2021-7-10-16:14
i,0.791,0.267,0.0415,0.674,0.102,0.544,2021-7-10-17:15
i,0.791,0.267,0.0415,0.674,0.102,0.544,2021-7-10-18:11
i,0.791,0.267,0.0415,0.674,0.102,0.544,2021-7-10-19:8
i,0.791,0.267,0.0415,0.674,0.102,0.544,2021-7-10-20:9
i,0.791,0.267,0.0415,0.674,0.102,0.544,2021-7-10-21:9
i,0.532,0.552,0.0345,0.755,0.715,0.169,2021-7-10-22:9
i,0.378,0.558,0.0505,0.148,0.146,0.202,2021-7-10-23:9
i,0.766,0.548,0.235,0.775,0.1,0.424,2021-7-11-0:35
i,0.766,0.548,0.235,0.775,0.1,0.424,2021-7-11-1:57
i,0.766,0.548,0.235,0.775,0.1,0.424,2021-7-11-2:25
i,0.766,0.548,0.235,0.775,0.1,0.424,2021-7-11-3:11
i,0.766,0.548,0.235,0.775,0.1,0.424,2021-7-11-4:12
i,0.766,0.548,0.235,0.775,0.1,0.424,2021-7-11-5:8
i,0.766,0.548,0.235,0.775,0.1,0.424,2021-7-11-6:12
i,0.766,0.548,0.235,0.775,0.1,0.424,2021-7-11-7:9
i,0.766,0.548,0.235,0.775,0.1,0.424,2021-7-11-8:11
i,0.766,0.548,0.235,0.775,0.1,0.424,2021-7-11-9:10
i,0.766,0.548,0.235,0.775,0.1,0.424,2021-7-11-10:10
i,0.766,0.548,0.235,0.775,0.1,0.424,2021-7-11-11:8
i,0.766,0.548,0.235,0.775,0.1,0.424,2021-7-11-12:14
i,0.766,0.548,0.235,0.775,0.1,0.424,2021-7-11-13:14
i,0.766,0.548,0.235,0.775,0.1,0.424,2021-7-11-14:9
i,0.766,0.548,0.235,0.775,0.1,0.424,2021-7-11-15:11
i,0.766,0.548,0.235,0.775,0.1,0.424,2021-7-11-16:14
i,0.766,0.548,0.235,0.775,0.1,0.424,2021-7-11-17:15
i,0.574,0.576,0.0446,0.0579,0.208,0.287,2021-7-11-18:11
i,0.461,0.195,0.0352,0.873,0.11,0.381,2021-7-11-19:8
i,0.817,0.306,0.0535,0.112,0.158,0.402,2021-7-11-20:10
i,0.583,0.499,0.0307,0.605,0.103,0.128,2021-7-11-21:9
i,0.713,0.591,0.112,0.0913,0.0718,0.316,2021-7-11-22:9
i,0.713,0.591,0.112,0.0913,0.0718,0.316,2021-7-11-23:9
i,0.774,0.516,0.0277,0.115,0.197,0.307,2021-7-12-0:33
i,0.697,0.81,0.0669,0.0424,0.322,0.558,2021-7-12-1:52
i,0.697,0.81,0.0669,0.0424,0.322,0.558,2021-7-12-2:21
i,0.697,0.81,0.0669,0.0424,0.322,0.558,2021-7-12-3:12
i,0.697,0.81,0.0669,0.0424,0.322,0.558,2021-7-12-4:13
i,0.697,0.81,0.0669,0.0424,0.322,0.558,2021-7-12-5:9
i,0.697,0.81,0.0669,0.0424,0.322,0.558,2021-7-12-6:13
i,0.697,0.81,0.0669,0.0424,0.322,0.558,2021-7-12-7:9
i,0.697,0.81,0.0669,0.0424,0.322,0.558,2021-7-12-8:11
i,0.697,0.81,0.0669,0.0424,0.322,0.558,2021-7-12-9:11
i,0.697,0.81,0.0669,0.0424,0.322,0.558,2021-7-12-10:11
i,0.697,0.81,0.0669,0.0424,0.322,0.558,2021-7-12-11:8
i,0.697,0.81,0.0669,0.0424,0.322,0.558,2021-7-12-12:15
i,0.697,0.81,0.0669,0.0424,0.322,0.558,2021-7-12-13:18
i,0.697,0.81,0.0669,0.0424,0.322,0.558,2021-7-12-14:9
i,0.697,0.81,0.0669,0.0424,0.322,0.558,2021-7-12-15:11
i,0.697,0.81,0.0669,0.0424,0.322,0.558,2021-7-12-16:15
i,0.939,0.512,0.123,0.183,0.117,0.579,2021-7-12-17:20
i,0.939,0.512,0.123,0.183,0.117,0.579,2021-7-12-18:12
i,0.482,0.467,0.0453,0.227,0.114,0.564,2021-7-12-19:8
i,0.848,0.632,0.145,0.453,0.0798,0.561,2021-7-12-20:10
i,0.848,0.632,0.145,0.453,0.0798,0.561,2021-7-12-21:8
i,0.678,0.597,0.0422,0.0707,0.197,0.114,2021-7-12-22:8
i,0.678,0.597,0.0422,0.0707,0.197,0.114,2021-7-12-23:10
i,0.678,0.597,0.0422,0.0707,0.197,0.114,2021-7-13-0:36
i,0.701,0.666,0.0472,0.152,0.087,0.474,2021-7-13-1:55
i,0.701,0.666,0.0472,0.152,0.087,0.474,2021-7-13-2:23
i,0.47,0.472,0.0764,0.364,0.12,0.251,2021-7-13-3:11
i,0.663,0.551,0.0353,0.07,0.176,0.354,2021-7-13-4:12
i,0.663,0.551,0.0353,0.07,0.176,0.354,2021-7-13-5:8
i,0.663,0.551,0.0353,0.07,0.176,0.354,2021-7-13-6:12
i,0.663,0.551,0.0353,0.07,0.176,0.354,2021-7-13-7:9
i,0.663,0.551,0.0353,0.07,0.176,0.354,2021-7-13-8:11
i,0.663,0.551,0.0353,0.07,0.176,0.354,2021-7-13-9:10
i,0.663,0.551,0.0353,0.07,0.176,0.354,2021-7-13-10:11
i,0.663,0.551,0.0353,0.07,0.176,0.354,2021-7-13-11:8
i,0.663,0.551,0.0353,0.07,0.176,0.354,2021-7-13-12:17
i,0.663,0.551,0.0353,0.07,0.176,0.354,2021-7-13-13:18
i,0.663,0.551,0.0353,0.07,0.176,0.354,2021-7-13-14:9
i,0.663,0.551,0.0353,0.07,0.176,0.354,2021-7-13-15:12
i,0.663,0.551,0.0353,0.07,0.176,0.354,2021-7-13-16:15
i,0.663,0.551,0.0353,0.07,0.176,0.354,2021-7-13-17:18
i,0.662,0.876,0.0413,0.0412,0.15,0.512,2021-7-13-18:12
i,0.662,0.876,0.0413,0.0412,0.15,0.512,2021-7-13-19:8
i,0.814,0.435,0.0684,0.814,0.105,0.416,2021-7-13-20:10
i,0.828,0.47,0.06,0.106,0.113,0.719,2021-7-13-21:9
i,0.528,0.511,0.0965,0.747,0.504,0.4,2021-7-13-22:10
i,0.528,0.511,0.0965,0.747,0.504,0.4,2021-7-13-23:10
i,0.663,0.552,0.0308,0.0574,0.0973,0.687,2021-7-14-0:31
i,0.663,0.552,0.0308,0.0574,0.0973,0.687,2021-7-14-1:50
i,0.663,0.552,0.0308,0.0574,0.0973,0.687,2021-7-14-2:21
i,0.508,0.44,0.0429,0.356,0.103,0.416,2021-7-14-3:11
i,0.786,0.714,0.054,0.00486,0.146,0.108,2021-7-14-4:13
i,0.786,0.714,0.054,0.00486,0.146,0.108,2021-7-14-5:9
i,0.786,0.714,0.054,0.00486,0.146,0.108,2021-7-14-6:12
i,0.786,0.714,0.054,0.00486,0.146,0.108,2021-7-14-7:9
i,0.786,0.714,0.054,0.00486,0.146,0.108,2021-7-14-8:11
i,0.786,0.714,0.054,0.00486,0.146,0.108,2021-7-14-9:11
i,0.786,0.714,0.054,0.00486,0.146,0.108,2021-7-14-10:11
i,0.786,0.714,0.054,0.00486,0.146,0.108,2021-7-14-11:8
i,0.786,0.714,0.054,0.00486,0.146,0.108,2021-7-14-12:15
i,0.786,0.714,0.054,0.00486,0.146,0.108,2021-7-14-13:19
i,0.786,0.714,0.054,0.00486,0.146,0.108,2021-7-14-14:9
i,0.786,0.714,0.054,0.00486,0.146,0.108,2021-7-14-15:11
i,0.786,0.714,0.054,0.00486,0.146,0.108,2021-7-14-16:15
i,0.786,0.714,0.054,0.00486,0.146,0.108,2021-7-14-17:17
i,0.509,0.79,0.0374,0.332,0.316,0.638,2021-7-14-18:12
i,0.603,0.882,0.0338,0.0494,0.241,0.507,2021-7-14-19:8
i,0.78,0.417,0.0782,0.127,0.12,0.759,2021-7-14-20:11
i,0.548,0.292,0.0391,0.8,0.0993,0.283,2021-7-14-21:9
i,0.548,0.292,0.0391,0.8,0.0993,0.283,2021-7-14-22:10
i,0.691,0.828,0.118,0.00326,0.0382,0.637,2021-7-14-23:11
i,0.691,0.828,0.118,0.00326,0.0382,0.637,2021-7-15-0:32
i,0.691,0.828,0.118,0.00326,0.0382,0.637,2021-7-15-1:55
i,0.691,0.828,0.118,0.00326,0.0382,0.637,2021-7-15-2:23
i,0.691,0.828,0.118,0.00326,0.0382,0.637,2021-7-15-3:11
i,0.691,0.695,0.0367,0.0592,0.0647,0.514,2021-7-15-4:13
i,0.795,0.902,0.101,0.0479,0.271,0.15,2021-7-15-5:9
i,0.795,0.902,0.101,0.0479,0.271,0.15,2021-7-15-6:13
i,0.795,0.902,0.101,0.0479,0.271,0.15,2021-7-15-7:9
i,0.795,0.902,0.101,0.0479,0.271,0.15,2021-7-15-8:11
i,0.795,0.902,0.101,0.0479,0.271,0.15,2021-7-15-9:11
i,0.795,0.902,0.101,0.0479,0.271,0.15,2021-7-15-10:11
i,0.795,0.902,0.101,0.0479,0.271,0.15,2021-7-15-11:8
i,0.795,0.902,0.101,0.0479,0.271,0.15,2021-7-15-12:15
i,0.795,0.902,0.101,0.0479,0.271,0.15,2021-7-15-13:17
i,0.795,0.902,0.101,0.0479,0.271,0.15,2021-7-15-14:9
i,0.795,0.902,0.101,0.0479,0.271,0.15,2021-7-15-15:11
i,0.795,0.902,0.101,0.0479,0.271,0.15,2021-7-15-16:15
i,0.443,0.53,0.129,0.314,0.0948,0.219,2021-7-15-17:17
i,0.669,0.919,0.0652,0.278,0.0934,0.514,2021-7-15-18:12
i,0.73,0.549,0.149,0.228,0.202,0.597,2021-7-15-19:8
i,0.715,0.624,0.114,0.11,0.123,0.412,2021-7-15-20:10
i,0.715,0.624,0.114,0.11,0.123,0.412,2021-7-15-21:9
i,0.715,0.624,0.114,0.11,0.123,0.412,2021-7-15-22:10
i,0.715,0.624,0.114,0.11,0.123,0.412,2021-7-15-23:10
i,0.715,0.624,0.114,0.11,0.123,0.412,2021-7-16-0:33
i,0.715,0.624,0.114,0.11,0.123,0.412,2021-7-16-1:56
i,0.715,0.624,0.114,0.11,0.123,0.412,2021-7-16-2:25
i,0.715,0.624,0.114,0.11,0.123,0.412,2021-7-16-3:11
i,0.715,0.624,0.114,0.11,0.123,0.412,2021-7-16-4:13
i,0.715,0.624,0.114,0.11,0.123,0.412,2021-7-16-5:9
i,0.715,0.624,0.114,0.11,0.123,0.412,2021-7-16-6:13
i,0.715,0.624,0.114,0.11,0.123,0.412,2021-7-16-7:9
i,0.715,0.624,0.114,0.11,0.123,0.412,2021-7-16-8:12
i,0.715,0.624,0.114,0.11,0.123,0.412,2021-7-16-9:10
i,0.715,0.624,0.114,0.11,0.123,0.412,2021-7-16-10:11
i,0.715,0.624,0.114,0.11,0.123,0.412,2021-7-16-11:8
i,0.715,0.624,0.114,0.11,0.123,0.412,2021-7-16-12:15
i,0.715,0.624,0.114,0.11,0.123,0.412,2021-7-16-13:16
i,0.715,0.624,0.114,0.11,0.123,0.412,2021-7-16-14:9
i,0.715,0.624,0.114,0.11,0.123,0.412,2021-7-16-15:11
i,0.715,0.624,0.114,0.11,0.123,0.412,2021-7-16-16:15
i,0.715,0.624,0.114,0.11,0.123,0.412,2021-7-16-17:19
i,0.715,0.624,0.114,0.11,0.123,0.412,2021-7-16-18:12
i,0.715,0.624,0.114,0.11,0.123,0.412,2021-7-16-19:8
i,0.715,0.624,0.114,0.11,0.123,0.412,2021-7-16-20:10
i,0.702,0.722,0.0417,0.0909,0.134,0.315,2021-7-16-21:9
i,0.702,0.722,0.0417,0.0909,0.134,0.315,2021-7-16-22:9
i,0.702,0.722,0.0417,0.0909,0.134,0.315,2021-7-16-23:10
i,0.702,0.722,0.0417,0.0909,0.134,0.315,2021-7-17-0:33
i,0.702,0.722,0.0417,0.0909,0.134,0.315,2021-7-17-1:51
i,0.702,0.722,0.0417,0.0909,0.134,0.315,2021-7-17-2:23
i,0.702,0.722,0.0417,0.0909,0.134,0.315,2021-7-17-3:11
i,0.702,0.722,0.0417,0.0909,0.134,0.315,2021-7-17-4:12
i,0.702,0.722,0.0417,0.0909,0.134,0.315,2021-7-17-5:8
i,0.702,0.722,0.0417,0.0909,0.134,0.315,2021-7-17-6:12
i,0.702,0.722,0.0417,0.0909,0.134,0.315,2021-7-17-7:9
i,0.702,0.722,0.0417,0.0909,0.134,0.315,2021-7-17-8:11
i,0.702,0.722,0.0417,0.0909,0.134,0.315,2021-7-17-9:10
i,0.702,0.722,0.0417,0.0909,0.134,0.315,2021-7-17-10:11
i,0.702,0.722,0.0417,0.0909,0.134,0.315,2021-7-17-11:8
i,0.702,0.722,0.0417,0.0909,0.134,0.315,2021-7-17-12:14
i,0.702,0.722,0.0417,0.0909,0.134,0.315,2021-7-17-13:14
i,0.702,0.722,0.0417,0.0909,0.134,0.315,2021-7-17-14:8
i,0.465,0.687,0.0495,0.0206,0.121,0.13,2021-7-17-15:11
i,0.465,0.687,0.0495,0.0206,0.121,0.13,2021-7-17-16:14
i,0.465,0.687,0.0495,0.0206,0.121,0.13,2021-7-17-17:16
i,0.465,0.687,0.0495,0.0206,0.121,0.13,2021-7-17-18:11
i,0.465,0.687,0.0495,0.0206,0.121,0.13,2021-7-17-19:8
i,0.465,0.687,0.0495,0.0206,0.121,0.13,2021-7-17-20:10
i,0.547,0.822,0.0318,0.0121,0.164,0.109,2021-7-17-21:9
i,0.547,0.822,0.0318,0.0121,0.164,0.109,2021-7-17-22:10
i,0.547,0.822,0.0318,0.0121,0.164,0.109,2021-7-17-23:10
i,0.547,0.822,0.0318,0.0121,0.164,0.109,2021-7-18-0:34
i,0.686,0.248,0.333,0.0254,0.0489,0.794,2021-7-18-1:54
i,0.788,0.771,0.135,0.523,0.373,0.685,2021-7-18-2:22
i,0.756,0.732,0.0692,0.00845,0.115,0.505,2021-7-18-3:11
i,0.756,0.732,0.0692,0.00845,0.115,0.505,2021-7-18-4:12
i,0.756,0.732,0.0692,0.00845,0.115,0.505,2021-7-18-5:8
i,0.756,0.732,0.0692,0.00845,0.115,0.505,2021-7-18-6:12
i,0.634,0.153,0.0464,0.98,0.0955,0.175,2021-7-18-7:9
i,0.634,0.153,0.0464,0.98,0.0955,0.175,2021-7-18-8:11
i,0.634,0.153,0.0464,0.98,0.0955,0.175,2021-7-18-9:10
i,0.634,0.153,0.0464,0.98,0.0955,0.175,2021-7-18-10:10
i,0.634,0.153,0.0464,0.98,0.0955,0.175,2021-7-18-11:8
i,0.634,0.153,0.0464,0.98,0.0955,0.175,2021-7-18-12:14
i,0.634,0.153,0.0464,0.98,0.0955,0.175,2021-7-18-13:14
i,0.634,0.153,0.0464,0.98,0.0955,0.175,2021-7-18-14:9
i,0.634,0.153,0.0464,0.98,0.0955,0.175,2021-7-18-15:11
i,0.634,0.153,0.0464,0.98,0.0955,0.175,2021-7-18-16:14
i,0.634,0.153,0.0464,0.98,0.0955,0.175,2021-7-18-17:15
i,0.634,0.153,0.0464,0.98,0.0955,0.175,2021-7-18-18:12
i,0.634,0.153,0.0464,0.98,0.0955,0.175,2021-7-18-19:8
i,0.669,0.636,0.507,0.17,0.117,0.263,2021-7-18-20:10
i,0.669,0.636,0.507,0.17,0.117,0.263,2021-7-18-21:9
i,0.669,0.636,0.507,0.17,0.117,0.263,2021-7-18-22:10
i,0.669,0.636,0.507,0.17,0.117,0.263,2021-7-18-23:10
i,0.669,0.636,0.507,0.17,0.117,0.263,2021-7-19-0:33
i,0.669,0.636,0.507,0.17,0.117,0.263,2021-7-19-1:55
i,0.669,0.636,0.507,0.17,0.117,0.263,2021-7-19-2:24
i,0.669,0.636,0.507,0.17,0.117,0.263,2021-7-19-3:11
i,0.549,0.798,0.532,0.185,0.454,0.732,2021-7-19-4:13
i,0.549,0.798,0.532,0.185,0.454,0.732,2021-7-19-5:9
i,0.549,0.798,0.532,0.185,0.454,0.732,2021-7-19-6:13
i,0.549,0.798,0.532,0.185,0.454,0.732,2021-7-19-7:9
i,0.549,0.798,0.532,0.185,0.454,0.732,2021-7-19-8:12
i,0.549,0.798,0.532,0.185,0.454,0.732,2021-7-19-9:11
i,0.549,0.798,0.532,0.185,0.454,0.732,2021-7-19-10:11
i,0.549,0.798,0.532,0.185,0.454,0.732,2021-7-19-11:9
i,0.549,0.798,0.532,0.185,0.454,0.732,2021-7-19-12:15
i,0.549,0.798,0.532,0.185,0.454,0.732,2021-7-19-13:18
i,0.549,0.798,0.532,0.185,0.454,0.732,2021-7-19-14:9
i,0.549,0.798,0.532,0.185,0.454,0.732,2021-7-19-15:12
i,0.549,0.798,0.532,0.185,0.454,0.732,2021-7-19-16:15
i,0.633,0.788,0.127,0.0111,0.0582,0.412,2021-7-19-17:18
i,0.601,0.488,0.0516,0.352,0.111,0.116,2021-7-19-18:12
i,0.556,0.838,0.0587,0.157,0.454,0.0977,2021-7-19-19:8
i,0.73,0.549,0.149,0.228,0.202,0.597,2021-7-19-20:10
i,0.73,0.549,0.149,0.228,0.202,0.597,2021-7-19-21:9
i,0.757,0.665,0.0387,0.0167,0.261,0.261,2021-7-19-22:11
i,0.757,0.665,0.0387,0.0167,0.261,0.261,2021-7-19-23:10
i,0.757,0.665,0.0387,0.0167,0.261,0.261,2021-7-20-0:35
i,0.757,0.665,0.0387,0.0167,0.261,0.261,2021-7-20-2:1
i,0.614,0.68,0.0289,0.369,0.115,0.707,2021-7-20-2:33
i,0.783,0.395,0.162,0.00142,0.368,0.277,2021-7-20-3:11
i,0.783,0.395,0.162,0.00142,0.368,0.277,2021-7-20-4:13
i,0.783,0.395,0.162,0.00142,0.368,0.277,2021-7-20-5:9
i,0.783,0.395,0.162,0.00142,0.368,0.277,2021-7-20-6:13
i,0.783,0.395,0.162,0.00142,0.368,0.277,2021-7-20-7:9
i,0.783,0.395,0.162,0.00142,0.368,0.277,2021-7-20-8:12
i,0.783,0.395,0.162,0.00142,0.368,0.277,2021-7-20-9:10
i,0.783,0.395,0.162,0.00142,0.368,0.277,2021-7-20-10:11
i,0.783,0.395,0.162,0.00142,0.368,0.277,2021-7-20-11:9
i,0.783,0.395,0.162,0.00142,0.368,0.277,2021-7-20-12:15
i,0.783,0.395,0.162,0.00142,0.368,0.277,2021-7-20-13:17
i,0.783,0.395,0.162,0.00142,0.368,0.277,2021-7-20-14:9
i,0.783,0.395,0.162,0.00142,0.368,0.277,2021-7-20-15:11
i,0.783,0.395,0.162,0.00142,0.368,0.277,2021-7-20-16:15
i,0.841,0.649,0.255,0.0167,0.131,0.615,2021-7-20-17:17
i,0.841,0.649,0.255,0.0167,0.131,0.615,2021-7-20-18:12
i,0.72,0.741,0.0287,0.101,0.289,0.357,2021-7-20-19:8
i,0.72,0.741,0.0287,0.101,0.289,0.357,2021-7-20-20:11
i,0.72,0.741,0.0287,0.101,0.289,0.357,2021-7-20-21:9
i,0.72,0.741,0.0287,0.101,0.289,0.357,2021-7-20-22:10
i,0.72,0.741,0.0287,0.101,0.289,0.357,2021-7-20-23:10
i,0.687,0.83,0.332,0.0434,0.153,0.256,2021-7-21-0:34
i,0.687,0.83,0.332,0.0434,0.153,0.256,2021-7-21-1:57
i,0.687,0.83,0.332,0.0434,0.153,0.256,2021-7-21-2:27
i,0.522,0.599,0.273,0.245,0.0963,0.44,2021-7-21-3:11
i,0.522,0.599,0.273,0.245,0.0963,0.44,2021-7-21-4:13
i,0.522,0.599,0.273,0.245,0.0963,0.44,2021-7-21-5:9
i,0.522,0.599,0.273,0.245,0.0963,0.44,2021-7-21-6:13
i,0.522,0.599,0.273,0.245,0.0963,0.44,2021-7-21-7:9
i,0.522,0.599,0.273,0.245,0.0963,0.44,2021-7-21-8:15
i,0.522,0.599,0.273,0.245,0.0963,0.44,2021-7-21-9:10
i,0.522,0.599,0.273,0.245,0.0963,0.44,2021-7-21-10:11
i,0.522,0.599,0.273,0.245,0.0963,0.44,2021-7-21-11:8
i,0.522,0.599,0.273,0.245,0.0963,0.44,2021-7-21-12:15
i,0.522,0.599,0.273,0.245,0.0963,0.44,2021-7-21-13:16
i,0.522,0.599,0.273,0.245,0.0963,0.44,2021-7-21-14:9
i,0.522,0.599,0.273,0.245,0.0963,0.44,2021-7-21-15:11
i,0.522,0.599,0.273,0.245,0.0963,0.44,2021-7-21-16:15
i,0.522,0.599,0.273,0.245,0.0963,0.44,2021-7-21-17:19
i,0.788,0.864,0.0335,0.0956,0.335,0.665,2021-7-21-18:12
i,0.739,0.628,0.0703,0.0245,0.266,0.634,2021-7-21-19:8
i,0.739,0.628,0.0703,0.0245,0.266,0.634,2021-7-21-20:11
i,0.739,0.628,0.0703,0.0245,0.266,0.634,2021-7-21-21:9
i,0.922,0.516,0.0827,0.442,0.281,0.613,2021-7-21-22:10
i,0.922,0.516,0.0827,0.442,0.281,0.613,2021-7-21-23:10
i,0.822,0.464,0.058,0.192,0.293,0.773,2021-7-22-0:34
i,0.367,0.665,0.0465,0.145,0.113,0.31,2021-7-22-1:58
i,0.571,0.739,0.247,0.00865,0.158,0.66,2021-7-22-2:30
i,0.571,0.739,0.247,0.00865,0.158,0.66,2021-7-22-3:11
i,0.571,0.739,0.247,0.00865,0.158,0.66,2021-7-22-4:13
i,0.571,0.739,0.247,0.00865,0.158,0.66,2021-7-22-5:7
i,0.571,0.739,0.247,0.00865,0.158,0.66,2021-7-22-6:13
i,0.571,0.739,0.247,0.00865,0.158,0.66,2021-7-22-7:9
i,0.571,0.739,0.247,0.00865,0.158,0.66,2021-7-22-8:11
i,0.571,0.739,0.247,0.00865,0.158,0.66,2021-7-22-9:10
i,0.571,0.739,0.247,0.00865,0.158,0.66,2021-7-22-10:11
i,0.571,0.739,0.247,0.00865,0.158,0.66,2021-7-22-11:8
i,0.571,0.739,0.247,0.00865,0.158,0.66,2021-7-22-12:15
i,0.571,0.739,0.247,0.00865,0.158,0.66,2021-7-22-13:17
i,0.571,0.739,0.247,0.00865,0.158,0.66,2021-7-22-14:9
i,0.571,0.739,0.247,0.00865,0.158,0.66,2021-7-22-15:11
i,0.571,0.739,0.247,0.00865,0.158,0.66,2021-7-22-16:15
i,0.757,0.665,0.0387,0.0167,0.261,0.261,2021-7-22-17:19
i,0.582,0.272,0.0501,0.875,0.13,0.354,2021-7-22-18:12
i,0.829,0.72,0.141,0.203,0.39,0.835,2021-7-22-19:8
i,0.722,0.651,0.068,0.00522,0.104,0.26,2021-7-22-20:11
i,0.39,0.724,0.0889,0.162,0.393,0.312,2021-7-22-21:9
i,0.39,0.724,0.0889,0.162,0.393,0.312,2021-7-22-22:9
i,0.617,0.717,0.153,0.00564,0.408,0.49,2021-7-22-23:11
i,0.617,0.717,0.153,0.00564,0.408,0.49,2021-7-23-0:35
i,0.617,0.717,0.153,0.00564,0.408,0.49,2021-7-23-1:56
i,0.617,0.717,0.153,0.00564,0.408,0.49,2021-7-23-2:25
i,0.617,0.717,0.153,0.00564,0.408,0.49,2021-7-23-3:11
i,0.617,0.717,0.153,0.00564,0.408,0.49,2021-7-23-4:13
i,0.617,0.717,0.153,0.00564,0.408,0.49,2021-7-23-5:9
i,0.617,0.717,0.153,0.00564,0.408,0.49,2021-7-23-6:13
i,0.617,0.717,0.153,0.00564,0.408,0.49,2021-7-23-7:9
i,0.617,0.717,0.153,0.00564,0.408,0.49,2021-7-23-8:12
i,0.617,0.717,0.153,0.00564,0.408,0.49,2021-7-23-9:10
i,0.617,0.717,0.153,0.00564,0.408,0.49,2021-7-23-10:11
i,0.617,0.717,0.153,0.00564,0.408,0.49,2021-7-23-11:9
i,0.617,0.717,0.153,0.00564,0.408,0.49,2021-7-23-12:15
i,0.617,0.717,0.153,0.00564,0.408,0.49,2021-7-23-13:16
i,0.617,0.717,0.153,0.00564,0.408,0.49,2021-7-23-14:9
i,0.617,0.717,0.153,0.00564,0.408,0.49,2021-7-23-15:11
i,0.617,0.717,0.153,0.00564,0.408,0.49,2021-7-23-16:15
i,0.617,0.717,0.153,0.00564,0.408,0.49,2021-7-23-17:18
i,0.73,0.549,0.149,0.228,0.202,0.597,2021-7-23-18:12
i,0.73,0.549,0.149,0.228,0.202,0.597,2021-7-23-19:8
i,0.367,0.665,0.0465,0.145,0.113,0.31,2021-7-23-20:10
i,0.367,0.665,0.0465,0.145,0.113,0.31,2021-7-23-21:9
i,0.367,0.665,0.0465,0.145,0.113,0.31,2021-7-23-22:9
i,0.367,0.665,0.0465,0.145,0.113,0.31,2021-7-23-23:11
i,0.367,0.665,0.0465,0.145,0.113,0.31,2021-7-24-0:31
i,0.367,0.665,0.0465,0.145,0.113,0.31,2021-7-24-1:53
i,0.367,0.665,0.0465,0.145,0.113,0.31,2021-7-24-2:23
i,0.417,0.58,0.207,0.0307,0.179,0.139,2021-7-24-3:11
i,0.417,0.58,0.207,0.0307,0.179,0.139,2021-7-24-4:13
i,0.417,0.58,0.207,0.0307,0.179,0.139,2021-7-24-5:8
i,0.417,0.58,0.207,0.0307,0.179,0.139,2021-7-24-6:12
i,0.417,0.58,0.207,0.0307,0.179,0.139,2021-7-24-7:9
i,0.417,0.58,0.207,0.0307,0.179,0.139,2021-7-24-8:11
i,0.417,0.58,0.207,0.0307,0.179,0.139,2021-7-24-9:11
i,0.417,0.58,0.207,0.0307,0.179,0.139,2021-7-24-10:11
i,0.417,0.58,0.207,0.0307,0.179,0.139,2021-7-24-11:8
i,0.417,0.58,0.207,0.0307,0.179,0.139,2021-7-24-12:14
i,0.417,0.58,0.207,0.0307,0.179,0.139,2021-7-24-13:14
i,0.417,0.58,0.207,0.0307,0.179,0.139,2021-7-24-14:9
i,0.417,0.58,0.207,0.0307,0.179,0.139,2021-7-24-15:11
i,0.417,0.58,0.207,0.0307,0.179,0.139,2021-7-24-16:14
i,0.417,0.58,0.207,0.0307,0.179,0.139,2021-7-24-17:15
i,0.417,0.58,0.207,0.0307,0.179,0.139,2021-7-24-18:12
i,0.417,0.58,0.207,0.0307,0.179,0.139,2021-7-24-19:8
i,0.417,0.58,0.207,0.0307,0.179,0.139,2021-7-24-20:10
i,0.417,0.58,0.207,0.0307,0.179,0.139,2021-7-24-21:9
i,0.417,0.58,0.207,0.0307,0.179,0.139,2021-7-24-22:9
i,0.417,0.58,0.207,0.0307,0.179,0.139,2021-7-24-23:10
i,0.417,0.58,0.207,0.0307,0.179,0.139,2021-7-25-0:33
i,0.417,0.58,0.207,0.0307,0.179,0.139,2021-7-25-1:54
i,0.417,0.58,0.207,0.0307,0.179,0.139,2021-7-25-2:22
i,0.417,0.58,0.207,0.0307,0.179,0.139,2021-7-25-3:11
i,0.417,0.58,0.207,0.0307,0.179,0.139,2021-7-25-4:13
i,0.417,0.58,0.207,0.0307,0.179,0.139,2021-7-25-5:8
i,0.417,0.58,0.207,0.0307,0.179,0.139,2021-7-25-6:12
i,0.417,0.58,0.207,0.0307,0.179,0.139,2021-7-25-7:9
i,0.417,0.58,0.207,0.0307,0.179,0.139,2021-7-25-8:11
i,0.417,0.58,0.207,0.0307,0.179,0.139,2021-7-25-9:10
i,0.417,0.58,0.207,0.0307,0.179,0.139,2021-7-25-10:11
i,0.417,0.58,0.207,0.0307,0.179,0.139,2021-7-25-11:8
i,0.417,0.58,0.207,0.0307,0.179,0.139,2021-7-25-12:15
i,0.417,0.58,0.207,0.0307,0.179,0.139,2021-7-25-13:15
i,0.417,0.58,0.207,0.0307,0.179,0.139,2021-7-25-14:8
i,0.417,0.58,0.207,0.0307,0.179,0.139,2021-7-25-15:11
i,0.417,0.58,0.207,0.0307,0.179,0.139,2021-7-25-16:14
i,0.417,0.58,0.207,0.0307,0.179,0.139,2021-7-25-17:15
i,0.417,0.58,0.207,0.0307,0.179,0.139,2021-7-25-18:11
i,0.417,0.58,0.207,0.0307,0.179,0.139,2021-7-25-19:8
i,0.417,0.58,0.207,0.0307,0.179,0.139,2021-7-25-20:10
i,0.417,0.58,0.207,0.0307,0.179,0.139,2021-7-25-21:9
i,0.367,0.665,0.0465,0.145,0.113,0.31,2021-7-25-22:10
i,0.367,0.665,0.0465,0.145,0.113,0.31,2021-7-25-23:9
i,0.367,0.665,0.0465,0.145,0.113,0.31,2021-7-26-0:33
i,0.367,0.665,0.0465,0.145,0.113,0.31,2021-7-26-1:57
i,0.367,0.665,0.0465,0.145,0.113,0.31,2021-7-26-2:27
i,0.367,0.665,0.0465,0.145,0.113,0.31,2021-7-26-3:10
i,0.64,0.663,0.225,0.725,0.0908,0.646,2021-7-26-4:13
i,0.64,0.663,0.225,0.725,0.0908,0.646,2021-7-26-5:8
i,0.64,0.663,0.225,0.725,0.0908,0.646,2021-7-26-6:13
i,0.64,0.663,0.225,0.725,0.0908,0.646,2021-7-26-7:9
i,0.64,0.663,0.225,0.725,0.0908,0.646,2021-7-26-8:12
i,0.64,0.663,0.225,0.725,0.0908,0.646,2021-7-26-9:15
i,0.64,0.663,0.225,0.725,0.0908,0.646,2021-7-26-10:25
i,0.64,0.663,0.225,0.725,0.0908,0.646,2021-7-26-11:11
i,0.64,0.663,0.225,0.725,0.0908,0.646,2021-7-26-12:15
i,0.64,0.663,0.225,0.725,0.0908,0.646,2021-7-26-13:17
i,0.64,0.663,0.225,0.725,0.0908,0.646,2021-7-26-14:9
i,0.64,0.663,0.225,0.725,0.0908,0.646,2021-7-26-15:11
i,0.64,0.663,0.225,0.725,0.0908,0.646,2021-7-26-16:15
i,0.73,0.549,0.149,0.228,0.202,0.597,2021-7-26-17:18
i,0.703,0.873,0.0444,0.0536,0.0892,0.52,2021-7-26-18:12
i,0.801,0.355,0.0587,0.202,0.423,0.513,2021-7-26-19:8
i,0.813,0.774,0.0341,0.012,0.0616,0.909,2021-7-26-20:10
i,0.592,0.366,0.0305,0.409,0.0936,0.142,2021-7-26-21:9
i,0.738,0.631,0.0421,0.0553,0.101,0.123,2021-7-26-22:10
i,0.566,0.899,0.481,0.143,0.137,0.698,2021-7-26-23:10
i,0.566,0.899,0.481,0.143,0.137,0.698,2021-7-27-0:35
i,0.566,0.899,0.481,0.143,0.137,0.698,2021-7-27-1:59
i,0.651,0.698,0.0353,0.0108,0.126,0.0364,2021-7-27-2:30
i,0.578,0.947,0.036,0.00744,0.105,0.456,2021-7-27-3:11
i,0.272,0.219,0.0305,0.938,0.263,0.374,2021-7-27-4:12
i,0.272,0.219,0.0305,0.938,0.263,0.374,2021-7-27-5:9
i,0.272,0.219,0.0305,0.938,0.263,0.374,2021-7-27-6:13
i,0.272,0.219,0.0305,0.938,0.263,0.374,2021-7-27-7:9
i,0.272,0.219,0.0305,0.938,0.263,0.374,2021-7-27-8:12
i,0.272,0.219,0.0305,0.938,0.263,0.374,2021-7-27-9:10
i,0.272,0.219,0.0305,0.938,0.263,0.374,2021-7-27-10:11
i,0.272,0.219,0.0305,0.938,0.263,0.374,2021-7-27-11:8
i,0.272,0.219,0.0305,0.938,0.263,0.374,2021-7-27-12:15
i,0.272,0.219,0.0305,0.938,0.263,0.374,2021-7-27-13:17
i,0.272,0.219,0.0305,0.938,0.263,0.374,2021-7-27-14:9
i,0.272,0.219,0.0305,0.938,0.263,0.374,2021-7-27-15:12
i,0.272,0.219,0.0305,0.938,0.263,0.374,2021-7-27-16:16
i,0.496,0.603,0.0367,0.00877,0.379,0.457,2021-7-27-17:17
i,0.496,0.603,0.0367,0.00877,0.379,0.457,2021-7-27-18:12
i,0.706,0.48,0.298,0.411,0.103,0.682,2021-7-27-19:8
i,0.706,0.48,0.298,0.411,0.103,0.682,2021-7-27-20:9
i,0.706,0.48,0.298,0.411,0.103,0.682,2021-7-27-21:9
i,0.762,0.701,0.0286,0.235,0.123,0.742,2021-7-27-22:10
i,0.762,0.701,0.0286,0.235,0.123,0.742,2021-7-27-23:10
i,0.762,0.701,0.0286,0.235,0.123,0.742,2021-7-28-0:35
i,0.738,0.896,0.0524,0.0832,0.0899,0.807,2021-7-28-1:58
i,0.567,0.348,0.0667,0.767,0.114,0.305,2021-7-28-2:29
i,0.567,0.348,0.0667,0.767,0.114,0.305,2021-7-28-3:11
i,0.567,0.348,0.0667,0.767,0.114,0.305,2021-7-28-4:13
i,0.567,0.348,0.0667,0.767,0.114,0.305,2021-7-28-5:9
i,0.567,0.348,0.0667,0.767,0.114,0.305,2021-7-28-6:13
i,0.567,0.348,0.0667,0.767,0.114,0.305,2021-7-28-7:10
i,0.567,0.348,0.0667,0.767,0.114,0.305,2021-7-28-8:11
i,0.567,0.348,0.0667,0.767,0.114,0.305,2021-7-28-9:11
i,0.567,0.348,0.0667,0.767,0.114,0.305,2021-7-28-10:11
i,0.567,0.348,0.0667,0.767,0.114,0.305,2021-7-28-11:8
i,0.567,0.348,0.0667,0.767,0.114,0.305,2021-7-28-12:15
i,0.567,0.348,0.0667,0.767,0.114,0.305,2021-7-28-13:20
i,0.567,0.348,0.0667,0.767,0.114,0.305,2021-7-28-14:9
i,0.567,0.348,0.0667,0.767,0.114,0.305,2021-7-28-15:12
i,0.567,0.348,0.0667,0.767,0.114,0.305,2021-7-28-16:16
i,0.762,0.788,0.174,0.272,0.114,0.672,2021-7-28-17:19
i,0.762,0.788,0.174,0.272,0.114,0.672,2021-7-28-18:12
i,0.762,0.788,0.174,0.272,0.114,0.672,2021-7-28-19:8
i,0.762,0.788,0.174,0.272,0.114,0.672,2021-7-28-20:10
i,0.789,0.536,0.242,0.41,0.129,0.437,2021-7-28-21:10
i,0.599,0.013,0.0348,0.988,0.129,0.359,2021-7-28-22:9
i,0.612,0.652,0.313,0.0801,0.11,0.338,2021-7-28-23:11
i,0.612,0.652,0.313,0.0801,0.11,0.338,2021-7-29-0:32
i,0.612,0.652,0.313,0.0801,0.11,0.338,2021-7-29-1:56
i,0.612,0.652,0.313,0.0801,0.11,0.338,2021-7-29-2:25
i,0.612,0.652,0.313,0.0801,0.11,0.338,2021-7-29-3:11
i,0.612,0.652,0.313,0.0801,0.11,0.338,2021-7-29-4:13
i,0.612,0.652,0.313,0.0801,0.11,0.338,2021-7-29-5:9
i,0.612,0.652,0.313,0.0801,0.11,0.338,2021-7-29-6:13
i,0.612,0.652,0.313,0.0801,0.11,0.338,2021-7-29-7:9
i,0.612,0.652,0.313,0.0801,0.11,0.338,2021-7-29-8:11
i,0.612,0.652,0.313,0.0801,0.11,0.338,2021-7-29-9:10
i,0.612,0.652,0.313,0.0801,0.11,0.338,2021-7-29-10:11
i,0.612,0.652,0.313,0.0801,0.11,0.338,2021-7-29-11:8
i,0.612,0.652,0.313,0.0801,0.11,0.338,2021-7-29-12:16
i,0.612,0.652,0.313,0.0801,0.11,0.338,2021-7-29-13:18
i,0.612,0.652,0.313,0.0801,0.11,0.338,2021-7-29-14:9
i,0.612,0.652,0.313,0.0801,0.11,0.338,2021-7-29-15:11
i,0.612,0.652,0.313,0.0801,0.11,0.338,2021-7-29-16:16
i,0.612,0.652,0.313,0.0801,0.11,0.338,2021-7-29-17:18
i,0.612,0.652,0.313,0.0801,0.11,0.338,2021-7-29-18:12
i,0.652,0.725,0.0307,0.00227,0.379,0.131,2021-7-29-19:8
i,0.652,0.725,0.0307,0.00227,0.379,0.131,2021-7-29-20:10
i,0.652,0.725,0.0307,0.00227,0.379,0.131,2021-7-29-21:10
i,0.652,0.725,0.0307,0.00227,0.379,0.131,2021-7-29-22:11
i,0.652,0.725,0.0307,0.00227,0.379,0.131,2021-7-29-23:10
i,0.652,0.725,0.0307,0.00227,0.379,0.131,2021-7-30-0:34
i,0.652,0.725,0.0307,0.00227,0.379,0.131,2021-7-30-2:0
i,0.652,0.725,0.0307,0.00227,0.379,0.131,2021-7-30-2:34
i,0.652,0.725,0.0307,0.00227,0.379,0.131,2021-7-30-3:11
i,0.508,0.955,0.137,0.00268,0.85,0.395,2021-7-30-4:13
i,0.611,0.797,0.0533,0.00543,0.26,0.518,2021-7-30-5:9
i,0.422,0.609,0.0335,0.0114,0.108,0.0911,2021-7-30-6:12
i,0.422,0.609,0.0335,0.0114,0.108,0.0911,2021-7-30-7:9
i,0.422,0.609,0.0335,0.0114,0.108,0.0911,2021-7-30-8:12
i,0.422,0.609,0.0335,0.0114,0.108,0.0911,2021-7-30-9:10
i,0.422,0.609,0.0335,0.0114,0.108,0.0911,2021-7-30-10:11
i,0.422,0.609,0.0335,0.0114,0.108,0.0911,2021-7-30-11:8
i,0.422,0.609,0.0335,0.0114,0.108,0.0911,2021-7-30-12:16
i,0.422,0.609,0.0335,0.0114,0.108,0.0911,2021-7-30-13:17
i,0.422,0.609,0.0335,0.0114,0.108,0.0911,2021-7-30-14:9
i,0.422,0.609,0.0335,0.0114,0.108,0.0911,2021-7-30-15:11
i,0.422,0.609,0.0335,0.0114,0.108,0.0911,2021-7-30-16:15
i,0.7,0.598,0.114,0.0369,0.111,0.594,2021-7-30-17:17
i,0.7,0.598,0.114,0.0369,0.111,0.594,2021-7-30-18:12
i,0.7,0.598,0.114,0.0369,0.111,0.594,2021-7-30-19:8
i,0.7,0.598,0.114,0.0369,0.111,0.594,2021-7-30-20:10
i,0.7,0.598,0.114,0.0369,0.111,0.594,2021-7-30-21:9
i,0.7,0.598,0.114,0.0369,0.111,0.594,2021-7-30-22:10
i,0.7,0.598,0.114,0.0369,0.111,0.594,2021-7-30-23:10
i,0.7,0.598,0.114,0.0369,0.111,0.594,2021-7-31-0:32
i,0.7,0.598,0.114,0.0369,0.111,0.594,2021-7-31-1:53
i,0.7,0.598,0.114,0.0369,0.111,0.594,2021-7-31-2:24
i,0.7,0.598,0.114,0.0369,0.111,0.594,2021-7-31-3:11
i,0.7,0.598,0.114,0.0369,0.111,0.594,2021-7-31-4:13
i,0.7,0.598,0.114,0.0369,0.111,0.594,2021-7-31-5:8
i,0.7,0.598,0.114,0.0369,0.111,0.594,2021-7-31-6:12
i,0.7,0.598,0.114,0.0369,0.111,0.594,2021-7-31-7:9
i,0.7,0.598,0.114,0.0369,0.111,0.594,2021-7-31-8:11
i,0.7,0.598,0.114,0.0369,0.111,0.594,2021-7-31-9:10
i,0.7,0.598,0.114,0.0369,0.111,0.594,2021-7-31-10:10
i,0.7,0.598,0.114,0.0369,0.111,0.594,2021-7-31-11:8
i,0.7,0.598,0.114,0.0369,0.111,0.594,2021-7-31-12:15
i,0.7,0.598,0.114,0.0369,0.111,0.594,2021-7-31-13:15
i,0.7,0.598,0.114,0.0369,0.111,0.594,2021-7-31-14:8
i,0.7,0.598,0.114,0.0369,0.111,0.594,2021-7-31-15:10
i,0.7,0.598,0.114,0.0369,0.111,0.594,2021-7-31-16:14
i,0.7,0.598,0.114,0.0369,0.111,0.594,2021-7-31-17:16
i,0.772,0.719,0.053,0.13,0.113,0.558,2021-7-31-18:11
i,0.772,0.719,0.053,0.13,0.113,0.558,2021-7-31-19:8
i,0.772,0.719,0.053,0.13,0.113,0.558,2021-7-31-20:10
i,0.772,0.719,0.053,0.13,0.113,0.558,2021-7-31-21:9
i,0.772,0.719,0.053,0.13,0.113,0.558,2021-7-31-22:10
i,0.772,0.719,0.053,0.13,0.113,0.558,2021-7-31-23:10
i,0.772,0.719,0.053,0.13,0.113,0.558,2021-8-1-0:39
i,0.772,0.719,0.053,0.13,0.113,0.558,2021-8-1-2:0
i,0.772,0.719,0.053,0.13,0.113,0.558,2021-8-1-2:35
i,0.772,0.719,0.053,0.13,0.113,0.558,2021-8-1-3:11
i,0.772,0.719,0.053,0.13,0.113,0.558,2021-8-1-4:13
i,0.772,0.719,0.053,0.13,0.113,0.558,2021-8-1-5:8
i,0.772,0.719,0.053,0.13,0.113,0.558,2021-8-1-6:12
i,0.772,0.719,0.053,0.13,0.113,0.558,2021-8-1-7:9
i,0.772,0.719,0.053,0.13,0.113,0.558,2021-8-1-8:11
i,0.772,0.719,0.053,0.13,0.113,0.558,2021-8-1-9:10
i,0.772,0.719,0.053,0.13,0.113,0.558,2021-8-1-10:11
i,0.772,0.719,0.053,0.13,0.113,0.558,2021-8-1-11:8
i,0.772,0.719,0.053,0.13,0.113,0.558,2021-8-1-12:15
i,0.772,0.719,0.053,0.13,0.113,0.558,2021-8-1-13:15
i,0.772,0.719,0.053,0.13,0.113,0.558,2021-8-1-14:9
i,0.772,0.719,0.053,0.13,0.113,0.558,2021-8-1-15:11
i,0.772,0.719,0.053,0.13,0.113,0.558,2021-8-1-16:15
i,0.772,0.719,0.053,0.13,0.113,0.558,2021-8-1-17:15
i,0.772,0.719,0.053,0.13,0.113,0.558,2021-8-1-18:11
i,0.772,0.719,0.053,0.13,0.113,0.558,2021-8-1-19:8
i,0.772,0.719,0.053,0.13,0.113,0.558,2021-8-1-20:11
i,0.685,0.499,0.0562,0.689,0.0904,0.435,2021-8-1-21:9
i,0.685,0.499,0.0562,0.689,0.0904,0.435,2021-8-1-22:10
i,0.685,0.499,0.0562,0.689,0.0904,0.435,2021-8-1-23:10
i,0.558,0.455,0.0382,0.499,0.0992,0.316,2021-8-2-0:34
i,0.801,0.783,0.241,0.325,0.285,0.613,2021-8-2-1:54
i,0.801,0.783,0.241,0.325,0.285,0.613,2021-8-2-2:23
i,0.801,0.783,0.241,0.325,0.285,0.613,2021-8-2-3:11
i,0.828,0.621,0.0565,0.0164,0.0845,0.436,2021-8-2-4:13
i,0.828,0.621,0.0565,0.0164,0.0845,0.436,2021-8-2-5:9
i,0.748,0.723,0.253,0.291,0.23,0.647,2021-8-2-6:12
i,0.657,0.856,0.0487,0.0683,0.12,0.346,2021-8-2-7:9
i,0.769,0.572,0.0463,0.014,0.121,0.236,2021-8-2-8:12
i,0.607,0.783,0.0397,0.000683,0.0678,0.434,2021-8-2-9:10
i,0.499,0.743,0.21,0.0687,0.421,0.338,2021-8-2-10:11
i,0.528,0.853,0.0877,0.00715,0.107,0.319,2021-8-2-11:8
i,0.528,0.853,0.0877,0.00715,0.107,0.319,2021-8-2-12:16
i,0.528,0.853,0.0877,0.00715,0.107,0.319,2021-8-2-13:18
i,0.528,0.853,0.0877,0.00715,0.107,0.319,2021-8-2-14:9
i,0.528,0.853,0.0877,0.00715,0.107,0.319,2021-8-2-15:11
i,0.528,0.853,0.0877,0.00715,0.107,0.319,2021-8-2-16:16
i,0.528,0.853,0.0877,0.00715,0.107,0.319,2021-8-2-17:17
i,0.717,0.946,0.0354,0.0113,0.415,0.856,2021-8-2-18:12
i,0.483,0.643,0.0404,0.0135,0.361,0.219,2021-8-2-19:8
i,0.594,0.815,0.0423,0.367,0.0948,0.339,2021-8-2-20:11
i,0.594,0.815,0.0423,0.367,0.0948,0.339,2021-8-2-21:9
i,0.705,0.918,0.0684,0.04,0.0803,0.546,2021-8-2-22:10
i,0.705,0.918,0.0684,0.04,0.0803,0.546,2021-8-2-23:10
i,0.705,0.918,0.0684,0.04,0.0803,0.546,2021-8-3-0:38
i,0.705,0.918,0.0684,0.04,0.0803,0.546,2021-8-3-2:2
i,0.705,0.918,0.0684,0.04,0.0803,0.546,2021-8-3-3:11
i,0.705,0.918,0.0684,0.04,0.0803,0.546,2021-8-3-4:13
i,0.705,0.918,0.0684,0.04,0.0803,0.546,2021-8-3-5:8
i,0.705,0.918,0.0684,0.04,0.0803,0.546,2021-8-3-6:12
i,0.705,0.918,0.0684,0.04,0.0803,0.546,2021-8-3-7:9
i,0.705,0.918,0.0684,0.04,0.0803,0.546,2021-8-3-8:12
i,0.705,0.918,0.0684,0.04,0.0803,0.546,2021-8-3-9:10
i,0.705,0.918,0.0684,0.04,0.0803,0.546,2021-8-3-10:12
i,0.705,0.918,0.0684,0.04,0.0803,0.546,2021-8-3-11:8
i,0.705,0.918,0.0684,0.04,0.0803,0.546,2021-8-3-12:16
i,0.705,0.918,0.0684,0.04,0.0803,0.546,2021-8-3-13:19
i,0.705,0.918,0.0684,0.04,0.0803,0.546,2021-8-3-14:9
i,0.705,0.918,0.0684,0.04,0.0803,0.546,2021-8-3-15:13
i,0.705,0.918,0.0684,0.04,0.0803,0.546,2021-8-3-16:15
i,0.705,0.918,0.0684,0.04,0.0803,0.546,2021-8-3-17:24
i,0.508,0.746,0.0486,0.114,0.107,0.24,2021-8-3-18:12
i,0.362,0.649,0.192,0.424,0.0798,0.248,2021-8-3-19:11
i,0.362,0.649,0.192,0.424,0.0798,0.248,2021-8-3-20:12
i,0.663,0.592,0.127,0.0402,0.352,0.786,2021-8-3-21:10
i,0.781,0.488,0.43,0.439,0.28,0.457,2021-8-3-22:10
i,0.781,0.488,0.43,0.439,0.28,0.457,2021-8-3-23:10
i,0.781,0.488,0.43,0.439,0.28,0.457,2021-8-4-0:32
i,0.781,0.488,0.43,0.439,0.28,0.457,2021-8-4-1:55
i,0.781,0.488,0.43,0.439,0.28,0.457,2021-8-4-2:25
i,0.781,0.488,0.43,0.439,0.28,0.457,2021-8-4-3:11
i,0.594,0.815,0.0423,0.367,0.0948,0.339,2021-8-4-4:13
i,0.594,0.815,0.0423,0.367,0.0948,0.339,2021-8-4-5:8
i,0.594,0.815,0.0423,0.367,0.0948,0.339,2021-8-4-6:13
i,0.594,0.815,0.0423,0.367,0.0948,0.339,2021-8-4-7:9
i,0.594,0.815,0.0423,0.367,0.0948,0.339,2021-8-4-8:12
i,0.594,0.815,0.0423,0.367,0.0948,0.339,2021-8-4-9:10
i,0.594,0.815,0.0423,0.367,0.0948,0.339,2021-8-4-10:11
i,0.594,0.815,0.0423,0.367,0.0948,0.339,2021-8-4-11:8
i,0.594,0.815,0.0423,0.367,0.0948,0.339,2021-8-4-12:16
i,0.594,0.815,0.0423,0.367,0.0948,0.339,2021-8-4-13:18
i,0.594,0.815,0.0423,0.367,0.0948,0.339,2021-8-4-14:9
i,0.594,0.815,0.0423,0.367,0.0948,0.339,2021-8-4-15:11
i,0.594,0.815,0.0423,0.367,0.0948,0.339,2021-8-4-16:16
i,0.594,0.815,0.0423,0.367,0.0948,0.339,2021-8-4-17:21
i,0.594,0.815,0.0423,0.367,0.0948,0.339,2021-8-4-18:12
i,0.696,0.766,0.0273,6.16e-05,0.128,0.484,2021-8-4-19:14
i,0.696,0.766,0.0273,6.16e-05,0.128,0.484,2021-8-4-20:11
i,0.567,0.593,0.288,0.117,0.248,0.358,2021-8-4-21:9
i,0.567,0.593,0.288,0.117,0.248,0.358,2021-8-4-22:11
i,0.567,0.593,0.288,0.117,0.248,0.358,2021-8-4-23:10
i,0.567,0.593,0.288,0.117,0.248,0.358,2021-8-5-0:34
i,0.567,0.593,0.288,0.117,0.248,0.358,2021-8-5-1:52
i,0.567,0.593,0.288,0.117,0.248,0.358,2021-8-5-2:21
i,0.567,0.593,0.288,0.117,0.248,0.358,2021-8-5-3:11
i,0.567,0.593,0.288,0.117,0.248,0.358,2021-8-5-4:13
i,0.567,0.593,0.288,0.117,0.248,0.358,2021-8-5-5:9
i,0.567,0.593,0.288,0.117,0.248,0.358,2021-8-5-6:12
i,0.567,0.593,0.288,0.117,0.248,0.358,2021-8-5-7:9
i,0.567,0.593,0.288,0.117,0.248,0.358,2021-8-5-8:11
i,0.567,0.593,0.288,0.117,0.248,0.358,2021-8-5-9:10
i,0.567,0.593,0.288,0.117,0.248,0.358,2021-8-5-10:11
i,0.567,0.593,0.288,0.117,0.248,0.358,2021-8-5-11:8
i,0.567,0.593,0.288,0.117,0.248,0.358,2021-8-5-12:16
i,0.567,0.593,0.288,0.117,0.248,0.358,2021-8-5-13:19
i,0.567,0.593,0.288,0.117,0.248,0.358,2021-8-5-14:10
i,0.567,0.593,0.288,0.117,0.248,0.358,2021-8-5-15:11
i,0.567,0.593,0.288,0.117,0.248,0.358,2021-8-5-16:15
i,0.693,0.694,0.0533,0.344,0.112,0.882,2021-8-5-17:18
i,0.693,0.694,0.0533,0.344,0.112,0.882,2021-8-5-18:12
i,0.693,0.694,0.0533,0.344,0.112,0.882,2021-8-5-19:8
i,0.828,0.292,0.0442,0.0234,0.104,0.182,2021-8-5-20:11
i,0.828,0.292,0.0442,0.0234,0.104,0.182,2021-8-5-21:9
i,0.828,0.292,0.0442,0.0234,0.104,0.182,2021-8-5-22:10
i,0.828,0.292,0.0442,0.0234,0.104,0.182,2021-8-5-23:10
i,0.828,0.292,0.0442,0.0234,0.104,0.182,2021-8-6-0:34
i,0.828,0.292,0.0442,0.0234,0.104,0.182,2021-8-6-1:54
i,0.828,0.292,0.0442,0.0234,0.104,0.182,2021-8-6-2:23
i,0.828,0.292,0.0442,0.0234,0.104,0.182,2021-8-6-3:11
i,0.828,0.292,0.0442,0.0234,0.104,0.182,2021-8-6-4:13
i,0.828,0.292,0.0442,0.0234,0.104,0.182,2021-8-6-5:9
i,0.828,0.292,0.0442,0.0234,0.104,0.182,2021-8-6-6:13
i,0.828,0.292,0.0442,0.0234,0.104,0.182,2021-8-6-7:9
i,0.828,0.292,0.0442,0.0234,0.104,0.182,2021-8-6-8:12
i,0.828,0.292,0.0442,0.0234,0.104,0.182,2021-8-6-9:10
i,0.828,0.292,0.0442,0.0234,0.104,0.182,2021-8-6-10:11
i,0.828,0.292,0.0442,0.0234,0.104,0.182,2021-8-6-11:8
i,0.828,0.292,0.0442,0.0234,0.104,0.182,2021-8-6-12:16
i,0.828,0.292,0.0442,0.0234,0.104,0.182,2021-8-6-13:20
i,0.828,0.292,0.0442,0.0234,0.104,0.182,2021-8-6-14:9
i,0.828,0.292,0.0442,0.0234,0.104,0.182,2021-8-6-15:11
i,0.828,0.292,0.0442,0.0234,0.104,0.182,2021-8-6-16:15
i,0.703,0.596,0.0454,0.242,0.331,0.348,2021-8-6-17:17
i,0.703,0.596,0.0454,0.242,0.331,0.348,2021-8-6-18:12
i,0.703,0.596,0.0454,0.242,0.331,0.348,2021-8-6-19:8
i,0.703,0.596,0.0454,0.242,0.331,0.348,2021-8-6-20:10
i,0.703,0.596,0.0454,0.242,0.331,0.348,2021-8-6-21:9
i,0.703,0.596,0.0454,0.242,0.331,0.348,2021-8-6-22:10
i,0.703,0.596,0.0454,0.242,0.331,0.348,2021-8-6-23:11
i,0.703,0.596,0.0454,0.242,0.331,0.348,2021-8-7-0:31
i,0.703,0.596,0.0454,0.242,0.331,0.348,2021-8-7-1:48
i,0.703,0.596,0.0454,0.242,0.331,0.348,2021-8-7-2:23
i,0.703,0.596,0.0454,0.242,0.331,0.348,2021-8-7-3:11
i,0.703,0.596,0.0454,0.242,0.331,0.348,2021-8-7-4:13
i,0.703,0.596,0.0454,0.242,0.331,0.348,2021-8-7-5:8
i,0.703,0.596,0.0454,0.242,0.331,0.348,2021-8-7-6:12
i,0.703,0.596,0.0454,0.242,0.331,0.348,2021-8-7-7:9
i,0.703,0.596,0.0454,0.242,0.331,0.348,2021-8-7-8:11
i,0.703,0.596,0.0454,0.242,0.331,0.348,2021-8-7-9:10
i,0.703,0.596,0.0454,0.242,0.331,0.348,2021-8-7-10:10
i,0.703,0.596,0.0454,0.242,0.331,0.348,2021-8-7-11:8
i,0.703,0.596,0.0454,0.242,0.331,0.348,2021-8-7-12:15
i,0.703,0.596,0.0454,0.242,0.331,0.348,2021-8-7-13:15
i,0.703,0.596,0.0454,0.242,0.331,0.348,2021-8-7-14:9
i,0.703,0.596,0.0454,0.242,0.331,0.348,2021-8-7-15:10
i,0.703,0.596,0.0454,0.242,0.331,0.348,2021-8-7-16:14
i,0.703,0.596,0.0454,0.242,0.331,0.348,2021-8-7-17:15
i,0.563,0.664,0.154,0.335,0.0849,0.688,2021-8-7-18:11
i,0.563,0.664,0.154,0.335,0.0849,0.688,2021-8-7-19:8
i,0.563,0.664,0.154,0.335,0.0849,0.688,2021-8-7-20:10
i,0.563,0.664,0.154,0.335,0.0849,0.688,2021-8-7-21:9
i,0.563,0.664,0.154,0.335,0.0849,0.688,2021-8-7-22:11
i,0.563,0.664,0.154,0.335,0.0849,0.688,2021-8-7-23:10
i,0.563,0.664,0.154,0.335,0.0849,0.688,2021-8-8-0:34
i,0.563,0.664,0.154,0.335,0.0849,0.688,2021-8-8-1:52
i,0.563,0.664,0.154,0.335,0.0849,0.688,2021-8-8-2:20
i,0.781,0.768,0.0394,0.0119,0.325,0.486,2021-8-8-3:11
i,0.678,0.597,0.0422,0.0707,0.197,0.114,2021-8-8-4:13
i,0.718,0.67,0.0494,0.535,0.675,0.509,2021-8-8-5:9
i,0.621,0.797,0.0328,0.0108,0.0719,0.292,2021-8-8-6:12
i,0.675,0.649,0.0677,0.684,0.187,0.757,2021-8-8-7:9
i,0.77,0.724,0.0495,0.0167,0.353,0.898,2021-8-8-8:11
i,0.723,0.88,0.038,0.00334,0.0632,0.323,2021-8-8-9:10
i,0.652,0.678,0.0541,0.183,0.106,0.28,2021-8-8-10:11
i,0.798,0.61,0.0301,0.171,0.105,0.52,2021-8-8-11:8
i,0.774,0.75,0.0307,0.0279,0.271,0.634,2021-8-8-12:15
i,0.711,0.549,0.049,0.215,0.0824,0.443,2021-8-8-13:15
i,0.793,0.531,0.0967,0.215,0.105,0.591,2021-8-8-14:9
i,0.624,0.612,0.0336,0.149,0.105,0.212,2021-8-8-15:11
i,0.62,0.664,0.0523,0.147,0.112,0.481,2021-8-8-16:14
i,0.62,0.664,0.0523,0.147,0.112,0.481,2021-8-8-17:15
i,0.62,0.664,0.0523,0.147,0.112,0.481,2021-8-8-18:11
i,0.62,0.664,0.0523,0.147,0.112,0.481,2021-8-8-19:8
i,0.62,0.664,0.0523,0.147,0.112,0.481,2021-8-8-20:10
i,0.735,0.449,0.347,0.629,0.113,0.0397,2021-8-8-21:9
i,0.735,0.449,0.347,0.629,0.113,0.0397,2021-8-8-22:9
i,0.735,0.449,0.347,0.629,0.113,0.0397,2021-8-8-23:10
i,0.735,0.449,0.347,0.629,0.113,0.0397,2021-8-9-0:36
i,0.735,0.449,0.347,0.629,0.113,0.0397,2021-8-9-1:53
i,0.735,0.449,0.347,0.629,0.113,0.0397,2021-8-9-2:21
i,0.735,0.449,0.347,0.629,0.113,0.0397,2021-8-9-3:11
i,0.618,0.787,0.0544,0.0276,0.101,0.465,2021-8-9-4:13
i,0.618,0.787,0.0544,0.0276,0.101,0.465,2021-8-9-5:9
i,0.618,0.787,0.0544,0.0276,0.101,0.465,2021-8-9-6:13
i,0.618,0.787,0.0544,0.0276,0.101,0.465,2021-8-9-7:10
i,0.618,0.787,0.0544,0.0276,0.101,0.465,2021-8-9-8:12
i,0.618,0.787,0.0544,0.0276,0.101,0.465,2021-8-9-9:11
i,0.618,0.787,0.0544,0.0276,0.101,0.465,2021-8-9-10:11
i,0.618,0.787,0.0544,0.0276,0.101,0.465,2021-8-9-11:8
i,0.618,0.787,0.0544,0.0276,0.101,0.465,2021-8-9-12:16
i,0.618,0.787,0.0544,0.0276,0.101,0.465,2021-8-9-13:18
i,0.618,0.787,0.0544,0.0276,0.101,0.465,2021-8-9-14:9
i,0.618,0.787,0.0544,0.0276,0.101,0.465,2021-8-9-15:11
i,0.618,0.787,0.0544,0.0276,0.101,0.465,2021-8-9-16:15
i,0.618,0.787,0.0544,0.0276,0.101,0.465,2021-8-9-17:18
i,0.618,0.787,0.0544,0.0276,0.101,0.465,2021-8-9-18:10
i,0.618,0.787,0.0544,0.0276,0.101,0.465,2021-8-9-19:8
i,0.618,0.787,0.0544,0.0276,0.101,0.465,2021-8-9-20:10
i,0.618,0.787,0.0544,0.0276,0.101,0.465,2021-8-9-21:9
i,0.618,0.787,0.0544,0.0276,0.101,0.465,2021-8-9-22:9
i,0.618,0.787,0.0544,0.0276,0.101,0.465,2021-8-9-23:10
i,0.597,0.655,0.0614,0.0272,0.438,0.378,2021-8-10-0:36
i,0.574,0.842,0.0923,0.000996,0.403,0.733,2021-8-10-1:56
i,0.582,0.334,0.337,0.834,0.0883,0.634,2021-8-10-2:26
i,0.582,0.334,0.337,0.834,0.0883,0.634,2021-8-10-3:11
i,0.582,0.334,0.337,0.834,0.0883,0.634,2021-8-10-4:13
i,0.582,0.334,0.337,0.834,0.0883,0.634,2021-8-10-5:9
i,0.582,0.334,0.337,0.834,0.0883,0.634,2021-8-10-6:12
i,0.582,0.334,0.337,0.834,0.0883,0.634,2021-8-10-7:9
i,0.582,0.334,0.337,0.834,0.0883,0.634,2021-8-10-8:13
i,0.582,0.334,0.337,0.834,0.0883,0.634,2021-8-10-9:10
i,0.582,0.334,0.337,0.834,0.0883,0.634,2021-8-10-10:11
i,0.582,0.334,0.337,0.834,0.0883,0.634,2021-8-10-11:8
